# config/ghidra/bin_wep0f.functions.tsv -- generated by tools/ghidra/dump_functions.sh (DumpFunctions.java); do not hand-edit.
# generator sha256=0342b51910d4580394a33645ffe487e27516d73783346e9ca781d597a1ea5099 ghidra=12.1.3 loadmap_sha1=4559927c677cbaad40f56f2a1619f2fbdf70212f base=0x80120000 alias=bin_wep0f
# non-contiguous bodies: 8
# start	size	source
0x20000000	0x1	auto
0x20000004	0x1	auto
0x20000008	0x1	auto
0x2000000c	0x1	auto
0x20000010	0x1	auto
0x20000014	0x1	auto
0x20000018	0x1	auto
0x2000001c	0x1	auto
0x20000020	0x1	auto
0x20000024	0x1	auto
0x20000028	0x1	auto
0x2000002c	0x1	auto
0x20000030	0x1	auto
0x20000034	0x1	auto
0x20000038	0x1	auto
0x2000003c	0x1	auto
0x20000040	0x1	auto
0x20000044	0x1	auto
0x20000048	0x1	auto
0x2000004c	0x1	auto
0x20000050	0x1	auto
0x20000054	0x1	auto
0x20000058	0x1	auto
0x2000005c	0x1	auto
0x20000060	0x1	auto
0x20000064	0x1	auto
0x20000068	0x1	auto
0x2000006c	0x1	auto
0x20000070	0x1	auto
0x20000074	0x1	auto
0x20000078	0x1	auto
0x2000007c	0x1	auto
0x20000080	0x1	auto
0x20000084	0x1	auto
0x20000088	0x1	auto
0x2000008c	0x1	auto
0x20000090	0x1	auto
0x20000094	0x1	auto
0x20000098	0x1	auto
0x2000009c	0x1	auto
0x200000a0	0x1	auto
0x200000a4	0x1	auto
0x200000a8	0x1	auto
0x200000ac	0x1	auto
0x200000b0	0x1	auto
0x200000b4	0x1	auto
0x200000b8	0x1	auto
0x200000bc	0x1	auto
0x200000c0	0x1	auto
0x200000c4	0x1	auto
0x200000c8	0x1	auto
0x200000cc	0x1	auto
0x200000d0	0x1	auto
0x200000d4	0x1	auto
0x200000d8	0x1	auto
0x200000dc	0x1	auto
0x200000e0	0x1	auto
0x200000e4	0x1	auto
0x200000e8	0x1	auto
0x200000ec	0x1	auto
0x200000f0	0x1	auto
0x200000f4	0x1	auto
0x200000f8	0x1	auto
0x200000fc	0x1	auto
0x20000100	0x1	auto
0x20000104	0x1	auto
0x20000108	0x1	auto
0x2000010c	0x1	auto
0x20000110	0x1	auto
0x20000114	0x1	auto
0x20000118	0x1	auto
0x2000011c	0x1	auto
0x20000120	0x1	auto
0x20000124	0x1	auto
0x20000128	0x1	auto
0x2000012c	0x1	auto
0x20000130	0x1	auto
0x20000134	0x1	auto
0x20000138	0x1	auto
0x2000013c	0x1	auto
0x20000140	0x1	auto
0x20000144	0x1	auto
0x20000148	0x1	auto
0x2000014c	0x1	auto
0x20000150	0x1	auto
0x20000154	0x1	auto
0x20000158	0x1	auto
0x2000015c	0x1	auto
0x20000160	0x1	auto
0x20000164	0x1	auto
0x20000168	0x1	auto
0x2000016c	0x1	auto
0x20000170	0x1	auto
0x20000174	0x1	auto
0x20000178	0x1	auto
0x2000017c	0x1	auto
0x20000180	0x1	auto
0x20000184	0x1	auto
0x20000188	0x1	auto
0x2000018c	0x1	auto
0x20000190	0x1	auto
0x20000194	0x1	auto
0x20000198	0x1	auto
0x2000019c	0x1	auto
0x200001a0	0x1	auto
0x200001a4	0x1	auto
0x200001a8	0x1	auto
0x200001ac	0x1	auto
0x200001b0	0x1	auto
0x200001b4	0x1	auto
0x200001b8	0x1	auto
0x200001bc	0x1	auto
0x200001c0	0x1	auto
0x200001c4	0x1	auto
0x200001c8	0x1	auto
0x200001cc	0x1	auto
0x200001d0	0x1	auto
0x200001d4	0x1	auto
0x200001d8	0x1	auto
0x200001dc	0x1	auto
0x200001e0	0x1	auto
0x200001e4	0x1	auto
0x200001e8	0x1	auto
0x200001ec	0x1	auto
0x200001f0	0x1	auto
0x200001f4	0x1	auto
0x200001f8	0x1	auto
0x200001fc	0x1	auto
0x20000200	0x1	auto
0x20000204	0x1	auto
0x20000208	0x1	auto
0x2000020c	0x1	auto
0x20000210	0x1	auto
0x20000214	0x1	auto
0x20000218	0x1	auto
0x2000021c	0x1	auto
0x20000220	0x1	auto
0x20000224	0x1	auto
0x20000228	0x1	auto
0x2000022c	0x1	auto
0x20000230	0x1	auto
0x20000234	0x1	auto
0x20000238	0x1	auto
0x2000023c	0x1	auto
0x20000240	0x1	auto
0x20000244	0x1	auto
0x20000248	0x1	auto
0x2000024c	0x1	auto
0x20000250	0x1	auto
0x20000254	0x1	auto
0x20000258	0x1	auto
0x2000025c	0x1	auto
0x20000260	0x1	auto
0x80120060	0x368	txn
0x801203c8	0x224	txn
0x801205ec	0xdc	txn
0x801206c8	0x3c	auto
0x80120704	0x3c	txn
0x80120740	0x88	txn
0x801207c8	0x124	txn
0x801208ec	0x8c	txn
0x80120978	0x128	txn
0x80120aa0	0x8c	txn
0x80120b2c	0x8	txn
0x80120b34	0x12c	txn
0x80120c60	0x114	txn
0x80120d74	0xc4	txn
0x80120e38	0x108	txn
0x80120f40	0xc4	txn
0x80121004	0xf8	txn
0x801210fc	0xc4	txn
0x801211c0	0x8	txn
0x801211c8	0x1fc	txn
0x801213c4	0x138	txn
0x801214fc	0x1c0	txn
0x801216bc	0xd8	txn
0x80121794	0x138	txn
0x801218cc	0x8	txn
0x801218d4	0xd4	txn
0x801219a8	0x8	auto
0x801219b0	0xc4	auto
0x80121a74	0x8	txn
0x80121a7c	0xdc	txn
0x80121b58	0x88	txn
0x80121be0	0x4	txn
0x80121be4	0x164	txn
0x80121d48	0x54	txn
0x80121d9c	0x118	txn
0x80121eb4	0x54	txn
0x80121f08	0xd8	txn
0x80121fe0	0x8	txn
0x80121fe8	0xfc	txn
0x801220e4	0x4c	txn
0x80122130	0x4c	txn
0x8012217c	0x34	txn
0x801221b0	0x48	txn
0x801221f8	0x334	txn
0x8012252c	0xd4	txn
0x80122600	0xd4	txn
0x801226d4	0x17c	txn
0x80122850	0xc0	txn
0x80122910	0x1f4	txn
0x80122b04	0x2e8	txn
0x80122dec	0x8	txn
0x80122df4	0x1bc	txn
0x80122fb0	0x48	auto
0x80122ff8	0x10	txn
0x80123048	0x8	txn
0x80123054	0x4	txn
0x80123084	0x8	txn
0x80123204	0x8	txn
