# config/ghidra/bin_load.functions.tsv -- generated by tools/ghidra/dump_functions.sh (DumpFunctions.java); do not hand-edit.
# generator sha256=4d51ff9d5d2ec6ce3311611f13c6e6db8a081910de86c0fe63343efca981833d ghidra=12.1.3 loadmap_sha1=f4954159202d0b02ad855043dbda77776f33a66f base=0x801c1500 alias=bin_load
# non-contiguous bodies: 0
# start	size	source
0x20000000	0x1	auto
0x20000004	0x1	auto
0x20000008	0x1	auto
0x2000000c	0x1	auto
0x20000010	0x1	auto
0x20000014	0x1	auto
0x20000018	0x1	auto
0x2000001c	0x1	auto
0x20000020	0x1	auto
0x20000024	0x1	auto
0x20000028	0x1	auto
0x2000002c	0x1	auto
0x20000030	0x1	auto
0x20000034	0x1	auto
0x20000038	0x1	auto
0x2000003c	0x1	auto
0x20000040	0x1	auto
0x20000044	0x1	auto
0x20000048	0x1	auto
0x2000004c	0x1	auto
0x20000050	0x1	auto
0x20000054	0x1	auto
0x20000058	0x1	auto
0x2000005c	0x1	auto
0x20000060	0x1	auto
0x20000064	0x1	auto
0x20000068	0x1	auto
0x2000006c	0x1	auto
0x20000070	0x1	auto
0x20000074	0x1	auto
0x20000078	0x1	auto
0x2000007c	0x1	auto
0x20000080	0x1	auto
0x20000084	0x1	auto
0x20000088	0x1	auto
0x2000008c	0x1	auto
0x20000090	0x1	auto
0x20000094	0x1	auto
0x20000098	0x1	auto
0x2000009c	0x1	auto
0x200000a0	0x1	auto
0x200000a4	0x1	auto
0x200000a8	0x1	auto
0x200000ac	0x1	auto
0x200000b0	0x1	auto
0x200000b4	0x1	auto
0x200000b8	0x1	auto
0x200000bc	0x1	auto
0x200000c0	0x1	auto
0x200000c4	0x1	auto
0x200000c8	0x1	auto
0x200000cc	0x1	auto
0x200000d0	0x1	auto
0x200000d4	0x1	auto
0x200000d8	0x1	auto
0x200000dc	0x1	auto
0x200000e0	0x1	auto
0x200000e4	0x1	auto
0x200000e8	0x1	auto
0x200000ec	0x1	auto
0x200000f0	0x1	auto
0x200000f4	0x1	auto
0x200000f8	0x1	auto
0x200000fc	0x1	auto
0x20000100	0x1	auto
0x20000104	0x1	auto
0x20000108	0x1	auto
0x2000010c	0x1	auto
0x20000110	0x1	auto
0x20000114	0x1	auto
0x20000118	0x1	auto
0x2000011c	0x1	auto
0x20000120	0x1	auto
0x20000124	0x1	auto
0x20000128	0x1	auto
0x2000012c	0x1	auto
0x20000130	0x1	auto
0x20000134	0x1	auto
0x20000138	0x1	auto
0x2000013c	0x1	auto
0x20000140	0x1	auto
0x20000144	0x1	auto
0x20000148	0x1	auto
0x2000014c	0x1	auto
0x20000150	0x1	auto
0x20000154	0x1	auto
0x20000158	0x1	auto
0x2000015c	0x1	auto
0x20000160	0x1	auto
0x20000164	0x1	auto
0x20000168	0x1	auto
0x2000016c	0x1	auto
0x20000170	0x1	auto
0x20000174	0x1	auto
0x20000178	0x1	auto
0x2000017c	0x1	auto
0x20000180	0x1	auto
0x20000184	0x1	auto
0x20000188	0x1	auto
0x2000018c	0x1	auto
0x20000190	0x1	auto
0x20000194	0x1	auto
0x20000198	0x1	auto
0x2000019c	0x1	auto
0x200001a0	0x1	auto
0x200001a4	0x1	auto
0x200001a8	0x1	auto
0x200001ac	0x1	auto
0x200001b0	0x1	auto
0x200001b4	0x1	auto
0x200001b8	0x1	auto
0x200001bc	0x1	auto
0x200001c0	0x1	auto
0x200001c4	0x1	auto
0x200001c8	0x1	auto
0x200001cc	0x1	auto
0x200001d0	0x1	auto
0x200001d4	0x1	auto
0x200001d8	0x1	auto
0x200001dc	0x1	auto
0x200001e0	0x1	auto
0x200001e4	0x1	auto
0x200001e8	0x1	auto
0x200001ec	0x1	auto
0x200001f0	0x1	auto
0x200001f4	0x1	auto
0x200001f8	0x1	auto
0x200001fc	0x1	auto
0x20000200	0x1	auto
0x20000204	0x1	auto
0x20000208	0x1	auto
0x2000020c	0x1	auto
0x20000210	0x1	auto
0x20000214	0x1	auto
0x20000218	0x1	auto
0x2000021c	0x1	auto
0x20000220	0x1	auto
0x20000224	0x1	auto
0x20000228	0x1	auto
0x2000022c	0x1	auto
0x20000230	0x1	auto
0x20000234	0x1	auto
0x20000238	0x1	auto
0x2000023c	0x1	auto
0x20000240	0x1	auto
0x20000244	0x1	auto
0x20000248	0x1	auto
0x2000024c	0x1	auto
0x20000250	0x1	auto
0x20000254	0x1	auto
0x20000258	0x1	auto
0x2000025c	0x1	auto
0x20000260	0x1	auto
0x801c1500	0x4	txn
0x801c1518	0x4	txn
0x801c15f0	0xc	txn
0x801c15fc	0x1bc	txn
0x801c17b8	0x6c	txn
0x801c1824	0x84	txn
0x801c18a8	0x6c	txn
0x801c1914	0x104	txn
0x801c1a18	0x4c4	txn
0x801c1edc	0x17c	txn
0x801c2058	0xf8	txn
0x801c2150	0xd8	txn
0x801c2228	0xf0	txn
0x801c2318	0x28	auto
0x801c2340	0x124	auto
0x801c2464	0xac	auto
0x801c2510	0xac	auto
0x801c25bc	0x468	auto
0x801c2a24	0xbc	auto
0x801c2ae0	0xbc	auto
0x801c2b9c	0xbc	auto
0x801c2c58	0x564	auto
0x801c31bc	0x2ec	auto
0x801c34a8	0x1b0	auto
0x801c3658	0x84	auto
0x801c36dc	0x38	auto
0x801c3714	0x2c	auto
0x801c3740	0x40	auto
0x801c3780	0x9c	txn
0x801c381c	0x1e8	txn
0x801c3a04	0x318	txn
0x801c3d1c	0x338	txn
0x801c4054	0x11c	txn
0x801c419c	0x1cc	txn
0x801c4368	0xd4	txn
0x801c443c	0x1f4	txn
0x801c4630	0x8c	txn
0x801c46bc	0x2c	txn
0x801c46e8	0x120	txn
0x801c4808	0x8c	auto
0x801c4894	0xac	auto
0x801c4940	0x74	txn
0x801c49b4	0x140	txn
0x801c4af4	0xc8	txn
0x801c4bbc	0xc	txn
0x801c4c10	0x44	txn
0x801c6208	0x44	txn
