# config/ghidra/bin_kof_pa1p.functions.tsv -- generated by tools/ghidra/dump_functions.sh (DumpFunctions.java); do not hand-edit.
# generator sha256=481fb514de9c934f84601abb68772ce363360c19aac7ded9d8fae95b1a0044f3 ghidra=12.1.3 loadmap_sha1=70f7db4d7f112c3cb896ac57b9371e899f060ce5 base=0x800d0000 alias=bin_kof_pa1p
# non-contiguous bodies: 0
# start	size	source
0x20000000	0x1	auto
0x20000004	0x1	auto
0x20000008	0x1	auto
0x2000000c	0x1	auto
0x20000010	0x1	auto
0x20000014	0x1	auto
0x20000018	0x1	auto
0x2000001c	0x1	auto
0x20000020	0x1	auto
0x20000024	0x1	auto
0x20000028	0x1	auto
0x2000002c	0x1	auto
0x20000030	0x1	auto
0x20000034	0x1	auto
0x20000038	0x1	auto
0x2000003c	0x1	auto
0x20000040	0x1	auto
0x20000044	0x1	auto
0x20000048	0x1	auto
0x2000004c	0x1	auto
0x20000050	0x1	auto
0x20000054	0x1	auto
0x20000058	0x1	auto
0x2000005c	0x1	auto
0x20000060	0x1	auto
0x20000064	0x1	auto
0x20000068	0x1	auto
0x2000006c	0x1	auto
0x20000070	0x1	auto
0x20000074	0x1	auto
0x20000078	0x1	auto
0x2000007c	0x1	auto
0x20000080	0x1	auto
0x20000084	0x1	auto
0x20000088	0x1	auto
0x2000008c	0x1	auto
0x20000090	0x1	auto
0x20000094	0x1	auto
0x20000098	0x1	auto
0x2000009c	0x1	auto
0x200000a0	0x1	auto
0x200000a4	0x1	auto
0x200000a8	0x1	auto
0x200000ac	0x1	auto
0x200000b0	0x1	auto
0x200000b4	0x1	auto
0x200000b8	0x1	auto
0x200000bc	0x1	auto
0x200000c0	0x1	auto
0x200000c4	0x1	auto
0x200000c8	0x1	auto
0x200000cc	0x1	auto
0x200000d0	0x1	auto
0x200000d4	0x1	auto
0x200000d8	0x1	auto
0x200000dc	0x1	auto
0x200000e0	0x1	auto
0x200000e4	0x1	auto
0x200000e8	0x1	auto
0x200000ec	0x1	auto
0x200000f0	0x1	auto
0x200000f4	0x1	auto
0x200000f8	0x1	auto
0x200000fc	0x1	auto
0x20000100	0x1	auto
0x20000104	0x1	auto
0x20000108	0x1	auto
0x2000010c	0x1	auto
0x20000110	0x1	auto
0x20000114	0x1	auto
0x20000118	0x1	auto
0x2000011c	0x1	auto
0x20000120	0x1	auto
0x20000124	0x1	auto
0x20000128	0x1	auto
0x2000012c	0x1	auto
0x20000130	0x1	auto
0x20000134	0x1	auto
0x20000138	0x1	auto
0x2000013c	0x1	auto
0x20000140	0x1	auto
0x20000144	0x1	auto
0x20000148	0x1	auto
0x2000014c	0x1	auto
0x20000150	0x1	auto
0x20000154	0x1	auto
0x20000158	0x1	auto
0x2000015c	0x1	auto
0x20000160	0x1	auto
0x20000164	0x1	auto
0x20000168	0x1	auto
0x2000016c	0x1	auto
0x20000170	0x1	auto
0x20000174	0x1	auto
0x20000178	0x1	auto
0x2000017c	0x1	auto
0x20000180	0x1	auto
0x20000184	0x1	auto
0x20000188	0x1	auto
0x2000018c	0x1	auto
0x20000190	0x1	auto
0x20000194	0x1	auto
0x20000198	0x1	auto
0x2000019c	0x1	auto
0x200001a0	0x1	auto
0x200001a4	0x1	auto
0x200001a8	0x1	auto
0x200001ac	0x1	auto
0x200001b0	0x1	auto
0x200001b4	0x1	auto
0x200001b8	0x1	auto
0x200001bc	0x1	auto
0x200001c0	0x1	auto
0x200001c4	0x1	auto
0x200001c8	0x1	auto
0x200001cc	0x1	auto
0x200001d0	0x1	auto
0x200001d4	0x1	auto
0x200001d8	0x1	auto
0x200001dc	0x1	auto
0x200001e0	0x1	auto
0x200001e4	0x1	auto
0x200001e8	0x1	auto
0x200001ec	0x1	auto
0x200001f0	0x1	auto
0x200001f4	0x1	auto
0x200001f8	0x1	auto
0x200001fc	0x1	auto
0x20000200	0x1	auto
0x20000204	0x1	auto
0x20000208	0x1	auto
0x2000020c	0x1	auto
0x20000210	0x1	auto
0x20000214	0x1	auto
0x20000218	0x1	auto
0x2000021c	0x1	auto
0x20000220	0x1	auto
0x20000224	0x1	auto
0x20000228	0x1	auto
0x2000022c	0x1	auto
0x20000230	0x1	auto
0x20000234	0x1	auto
0x20000238	0x1	auto
0x2000023c	0x1	auto
0x20000240	0x1	auto
0x20000244	0x1	auto
0x20000248	0x1	auto
0x2000024c	0x1	auto
0x20000250	0x1	auto
0x20000254	0x1	auto
0x20000258	0x1	auto
0x2000025c	0x1	auto
0x20000260	0x1	auto
0x800d0000	0x4	txn
0x800d000c	0x26c	txn
0x800d0278	0x17c	txn
0x800d03f4	0x14c	txn
0x800d0540	0x3c	auto
0x800d057c	0x3c	auto
0x800d05b8	0x88	txn
0x800d0640	0xf0	txn
0x800d0730	0xa4	txn
0x800d07d4	0xf8	txn
0x800d08cc	0x90	txn
0x800d095c	0x8	txn
0x800d0964	0x13c	txn
0x800d0aa0	0xd8	txn
0x800d0b78	0x94	txn
0x800d0c0c	0xdc	txn
0x800d0ce8	0x94	txn
0x800d0d7c	0xd0	txn
0x800d0e4c	0x94	txn
0x800d0ee0	0x8	txn
0x800d0ee8	0x138	txn
0x800d1020	0x8	txn
0x800d1028	0xc0	txn
0x800d10e8	0x54	txn
0x800d113c	0xc0	txn
0x800d11fc	0x58	txn
0x800d1254	0x1c8	txn
0x800d141c	0xc8	txn
0x800d14e4	0x110	txn
0x800d15f4	0x8	txn
0x800d15fc	0x98	txn
0x800d1694	0x114	txn
0x800d17a8	0x138	txn
0x800d18e0	0xe8	auto
0x800d19c8	0x4	txn
0x800d19d4	0x4	txn
0x800d19ec	0x4	txn
0x800d1ad4	0x14	txn
0x800d1af8	0x8	txn
