# config/ghidra/bin_subscr3.functions.tsv -- generated by tools/ghidra/dump_functions.sh (DumpFunctions.java); do not hand-edit.
# generator sha256=44955c245a1168bfb3791727e595be3d647cf915aefb5c6cf762d1ab67d73ac7 ghidra=12.1.3 loadmap_sha1=1438bf392084cfd86ecc64fbf0f340b36a707bd9 base=0x801c1500 alias=bin_subscr3
# non-contiguous bodies: 0
# start	size	source
0x20000000	0x1	auto
0x20000004	0x1	auto
0x20000008	0x1	auto
0x2000000c	0x1	auto
0x20000010	0x1	auto
0x20000014	0x1	auto
0x20000018	0x1	auto
0x2000001c	0x1	auto
0x20000020	0x1	auto
0x20000024	0x1	auto
0x20000028	0x1	auto
0x2000002c	0x1	auto
0x20000030	0x1	auto
0x20000034	0x1	auto
0x20000038	0x1	auto
0x2000003c	0x1	auto
0x20000040	0x1	auto
0x20000044	0x1	auto
0x20000048	0x1	auto
0x2000004c	0x1	auto
0x20000050	0x1	auto
0x20000054	0x1	auto
0x20000058	0x1	auto
0x2000005c	0x1	auto
0x20000060	0x1	auto
0x20000064	0x1	auto
0x20000068	0x1	auto
0x2000006c	0x1	auto
0x20000070	0x1	auto
0x20000074	0x1	auto
0x20000078	0x1	auto
0x2000007c	0x1	auto
0x20000080	0x1	auto
0x20000084	0x1	auto
0x20000088	0x1	auto
0x2000008c	0x1	auto
0x20000090	0x1	auto
0x20000094	0x1	auto
0x20000098	0x1	auto
0x2000009c	0x1	auto
0x200000a0	0x1	auto
0x200000a4	0x1	auto
0x200000a8	0x1	auto
0x200000ac	0x1	auto
0x200000b0	0x1	auto
0x200000b4	0x1	auto
0x200000b8	0x1	auto
0x200000bc	0x1	auto
0x200000c0	0x1	auto
0x200000c4	0x1	auto
0x200000c8	0x1	auto
0x200000cc	0x1	auto
0x200000d0	0x1	auto
0x200000d4	0x1	auto
0x200000d8	0x1	auto
0x200000dc	0x1	auto
0x200000e0	0x1	auto
0x200000e4	0x1	auto
0x200000e8	0x1	auto
0x200000ec	0x1	auto
0x200000f0	0x1	auto
0x200000f4	0x1	auto
0x200000f8	0x1	auto
0x200000fc	0x1	auto
0x20000100	0x1	auto
0x20000104	0x1	auto
0x20000108	0x1	auto
0x2000010c	0x1	auto
0x20000110	0x1	auto
0x20000114	0x1	auto
0x20000118	0x1	auto
0x2000011c	0x1	auto
0x20000120	0x1	auto
0x20000124	0x1	auto
0x20000128	0x1	auto
0x2000012c	0x1	auto
0x20000130	0x1	auto
0x20000134	0x1	auto
0x20000138	0x1	auto
0x2000013c	0x1	auto
0x20000140	0x1	auto
0x20000144	0x1	auto
0x20000148	0x1	auto
0x2000014c	0x1	auto
0x20000150	0x1	auto
0x20000154	0x1	auto
0x20000158	0x1	auto
0x2000015c	0x1	auto
0x20000160	0x1	auto
0x20000164	0x1	auto
0x20000168	0x1	auto
0x2000016c	0x1	auto
0x20000170	0x1	auto
0x20000174	0x1	auto
0x20000178	0x1	auto
0x2000017c	0x1	auto
0x20000180	0x1	auto
0x20000184	0x1	auto
0x20000188	0x1	auto
0x2000018c	0x1	auto
0x20000190	0x1	auto
0x20000194	0x1	auto
0x20000198	0x1	auto
0x2000019c	0x1	auto
0x200001a0	0x1	auto
0x200001a4	0x1	auto
0x200001a8	0x1	auto
0x200001ac	0x1	auto
0x200001b0	0x1	auto
0x200001b4	0x1	auto
0x200001b8	0x1	auto
0x200001bc	0x1	auto
0x200001c0	0x1	auto
0x200001c4	0x1	auto
0x200001c8	0x1	auto
0x200001cc	0x1	auto
0x200001d0	0x1	auto
0x200001d4	0x1	auto
0x200001d8	0x1	auto
0x200001dc	0x1	auto
0x200001e0	0x1	auto
0x200001e4	0x1	auto
0x200001e8	0x1	auto
0x200001ec	0x1	auto
0x200001f0	0x1	auto
0x200001f4	0x1	auto
0x200001f8	0x1	auto
0x200001fc	0x1	auto
0x20000200	0x1	auto
0x20000204	0x1	auto
0x20000208	0x1	auto
0x2000020c	0x1	auto
0x20000210	0x1	auto
0x20000214	0x1	auto
0x20000218	0x1	auto
0x2000021c	0x1	auto
0x20000220	0x1	auto
0x20000224	0x1	auto
0x20000228	0x1	auto
0x2000022c	0x1	auto
0x20000230	0x1	auto
0x20000234	0x1	auto
0x20000238	0x1	auto
0x2000023c	0x1	auto
0x20000240	0x1	auto
0x20000244	0x1	auto
0x20000248	0x1	auto
0x2000024c	0x1	auto
0x20000250	0x1	auto
0x20000254	0x1	auto
0x20000258	0x1	auto
0x2000025c	0x1	auto
0x20000260	0x1	auto
0x801c16a4	0x5c	txn
0x801c1700	0x70	txn
0x801c1770	0x218	txn
0x801c1988	0x60	auto
0x801c19e8	0x264	txn
0x801c1c4c	0xf0	txn
0x801c1d3c	0x6c	txn
0x801c1da8	0x8a8	auto
0x801c2650	0x450	auto
0x801c2aa0	0x678	auto
0x801c6208	0x4	txn
0x801c706c	0x4	txn
0x801c7098	0x4	txn
0x801c8ae8	0x4	txn
0x801ca410	0x12c	txn
0x801cafb8	0x4	txn
0x801cb9e8	0x12c	txn
0x801cd744	0x4	txn
0x801ceb10	0x4	txn
0x801cfd54	0x124	txn
0x801d0858	0x4	txn
0x801d0874	0x12c	txn
