# config/ghidra/bin_e40.functions.tsv -- generated by tools/ghidra/dump_functions.sh (DumpFunctions.java); do not hand-edit.
# generator sha256=54d2ff043059e21e1c53b8f38f749ee40c34fb8db79ca0379fff6eee127387dc ghidra=12.1.3 loadmap_sha1=502d1edf33c0300b307462abc979e3714431763f base=0x800d0000 alias=bin_e40
# non-contiguous bodies: 0
# start	size	source
0x20000000	0x1	auto
0x20000004	0x1	auto
0x20000008	0x1	auto
0x2000000c	0x1	auto
0x20000010	0x1	auto
0x20000014	0x1	auto
0x20000018	0x1	auto
0x2000001c	0x1	auto
0x20000020	0x1	auto
0x20000024	0x1	auto
0x20000028	0x1	auto
0x2000002c	0x1	auto
0x20000030	0x1	auto
0x20000034	0x1	auto
0x20000038	0x1	auto
0x2000003c	0x1	auto
0x20000040	0x1	auto
0x20000044	0x1	auto
0x20000048	0x1	auto
0x2000004c	0x1	auto
0x20000050	0x1	auto
0x20000054	0x1	auto
0x20000058	0x1	auto
0x2000005c	0x1	auto
0x20000060	0x1	auto
0x20000064	0x1	auto
0x20000068	0x1	auto
0x2000006c	0x1	auto
0x20000070	0x1	auto
0x20000074	0x1	auto
0x20000078	0x1	auto
0x2000007c	0x1	auto
0x20000080	0x1	auto
0x20000084	0x1	auto
0x20000088	0x1	auto
0x2000008c	0x1	auto
0x20000090	0x1	auto
0x20000094	0x1	auto
0x20000098	0x1	auto
0x2000009c	0x1	auto
0x200000a0	0x1	auto
0x200000a4	0x1	auto
0x200000a8	0x1	auto
0x200000ac	0x1	auto
0x200000b0	0x1	auto
0x200000b4	0x1	auto
0x200000b8	0x1	auto
0x200000bc	0x1	auto
0x200000c0	0x1	auto
0x200000c4	0x1	auto
0x200000c8	0x1	auto
0x200000cc	0x1	auto
0x200000d0	0x1	auto
0x200000d4	0x1	auto
0x200000d8	0x1	auto
0x200000dc	0x1	auto
0x200000e0	0x1	auto
0x200000e4	0x1	auto
0x200000e8	0x1	auto
0x200000ec	0x1	auto
0x200000f0	0x1	auto
0x200000f4	0x1	auto
0x200000f8	0x1	auto
0x200000fc	0x1	auto
0x20000100	0x1	auto
0x20000104	0x1	auto
0x20000108	0x1	auto
0x2000010c	0x1	auto
0x20000110	0x1	auto
0x20000114	0x1	auto
0x20000118	0x1	auto
0x2000011c	0x1	auto
0x20000120	0x1	auto
0x20000124	0x1	auto
0x20000128	0x1	auto
0x2000012c	0x1	auto
0x20000130	0x1	auto
0x20000134	0x1	auto
0x20000138	0x1	auto
0x2000013c	0x1	auto
0x20000140	0x1	auto
0x20000144	0x1	auto
0x20000148	0x1	auto
0x2000014c	0x1	auto
0x20000150	0x1	auto
0x20000154	0x1	auto
0x20000158	0x1	auto
0x2000015c	0x1	auto
0x20000160	0x1	auto
0x20000164	0x1	auto
0x20000168	0x1	auto
0x2000016c	0x1	auto
0x20000170	0x1	auto
0x20000174	0x1	auto
0x20000178	0x1	auto
0x2000017c	0x1	auto
0x20000180	0x1	auto
0x20000184	0x1	auto
0x20000188	0x1	auto
0x2000018c	0x1	auto
0x20000190	0x1	auto
0x20000194	0x1	auto
0x20000198	0x1	auto
0x2000019c	0x1	auto
0x200001a0	0x1	auto
0x200001a4	0x1	auto
0x200001a8	0x1	auto
0x200001ac	0x1	auto
0x200001b0	0x1	auto
0x200001b4	0x1	auto
0x200001b8	0x1	auto
0x200001bc	0x1	auto
0x200001c0	0x1	auto
0x200001c4	0x1	auto
0x200001c8	0x1	auto
0x200001cc	0x1	auto
0x200001d0	0x1	auto
0x200001d4	0x1	auto
0x200001d8	0x1	auto
0x200001dc	0x1	auto
0x200001e0	0x1	auto
0x200001e4	0x1	auto
0x200001e8	0x1	auto
0x200001ec	0x1	auto
0x200001f0	0x1	auto
0x200001f4	0x1	auto
0x200001f8	0x1	auto
0x200001fc	0x1	auto
0x20000200	0x1	auto
0x20000204	0x1	auto
0x20000208	0x1	auto
0x2000020c	0x1	auto
0x20000210	0x1	auto
0x20000214	0x1	auto
0x20000218	0x1	auto
0x2000021c	0x1	auto
0x20000220	0x1	auto
0x20000224	0x1	auto
0x20000228	0x1	auto
0x2000022c	0x1	auto
0x20000230	0x1	auto
0x20000234	0x1	auto
0x20000238	0x1	auto
0x2000023c	0x1	auto
0x20000240	0x1	auto
0x20000244	0x1	auto
0x20000248	0x1	auto
0x2000024c	0x1	auto
0x20000250	0x1	auto
0x20000254	0x1	auto
0x20000258	0x1	auto
0x2000025c	0x1	auto
0x20000260	0x1	auto
0x800d0000	0x4	txn
0x800d00a8	0x4	txn
0x800d00d0	0xcc	txn
0x800d019c	0x8	txn
0x800d01a4	0x248	txn
0x800d03ec	0x27c	txn
0x800d0668	0x6c	txn
0x800d06d4	0x3c	auto
0x800d0710	0x3c	auto
0x800d074c	0x20	txn
0x800d076c	0x54	auto
0x800d07c0	0x94	txn
0x800d0854	0x1dc	txn
0x800d0a30	0x8c	txn
0x800d0abc	0xe8	txn
0x800d0ba4	0x104	txn
0x800d0ca8	0x1c0	txn
0x800d0e68	0x300	auto
0x800d1168	0x24	txn
0x800d118c	0xf8	txn
0x800d1284	0x24	txn
0x800d12a8	0x268	txn
0x800d1728	0x24	txn
0x800d174c	0x180	txn
0x800d18cc	0x24	txn
0x800d18f0	0xac	txn
0x800d199c	0x54	txn
0x800d19f0	0x2b0	txn
0x800d1ca0	0x54	txn
0x800d1cf4	0x1e8	txn
0x800d1edc	0x38	txn
0x800d1f14	0x148	txn
0x800d205c	0x34	txn
0x800d2090	0x290	txn
0x800d2320	0x48	txn
0x800d2368	0x248	txn
0x800d25b0	0x54	txn
0x800d2604	0x210	txn
0x800d2814	0x54	txn
0x800d2868	0x210	txn
0x800d2a78	0x8	txn
0x800d2a80	0x1fc	txn
0x800d2cf8	0x1a8	txn
0x800d2ea0	0x124	txn
0x800d2fc4	0x10c	txn
0x800d30d0	0x90	txn
0x800d3160	0x124	txn
0x800d3284	0x124	txn
0x800d33a8	0x8c	txn
0x800d3434	0x784	txn
0x800d3bb8	0x170	txn
0x800d3d28	0x10c	txn
0x800d3e34	0xec	txn
0x800d3f20	0x11c	txn
0x800d403c	0x8	txn
0x800d4044	0x8	auto
0x800d404c	0x7c	auto
0x800d40c8	0x4c	auto
0x800d4114	0xb4	auto
0x800d41c8	0x2cc	auto
0x800d4494	0x3d0	auto
0x800d4864	0xf8	auto
0x800d495c	0xec	auto
0x800d4a48	0x4	txn
0x800d4a84	0x4	txn
0x800d4c2c	0x4	txn
