# config/ghidra/psx_bin_st8.functions.tsv -- generated by tools/ghidra/dump_functions.sh (DumpFunctions.java); do not hand-edit.
# generator sha256=79e726954569d9286a99642e48c187e9f8946aa473ddfaa01d0619e7721ff5d1 ghidra=12.1.3 loadmap_sha1=7b6f79fea0be5f20ab360ee03241a7355c402ac1 base=0x800d5800 alias=psx_bin_st8
# non-contiguous bodies: 0
# start	size	source
0x20000000	0x1	auto
0x20000004	0x1	auto
0x20000008	0x1	auto
0x2000000c	0x1	auto
0x20000010	0x1	auto
0x20000014	0x1	auto
0x20000018	0x1	auto
0x2000001c	0x1	auto
0x20000020	0x1	auto
0x20000024	0x1	auto
0x20000028	0x1	auto
0x2000002c	0x1	auto
0x20000030	0x1	auto
0x20000034	0x1	auto
0x20000038	0x1	auto
0x2000003c	0x1	auto
0x20000040	0x1	auto
0x20000044	0x1	auto
0x20000048	0x1	auto
0x2000004c	0x1	auto
0x20000050	0x1	auto
0x20000054	0x1	auto
0x20000058	0x1	auto
0x2000005c	0x1	auto
0x20000060	0x1	auto
0x20000064	0x1	auto
0x20000068	0x1	auto
0x2000006c	0x1	auto
0x20000070	0x1	auto
0x20000074	0x1	auto
0x20000078	0x1	auto
0x2000007c	0x1	auto
0x20000080	0x1	auto
0x20000084	0x1	auto
0x20000088	0x1	auto
0x2000008c	0x1	auto
0x20000090	0x1	auto
0x20000094	0x1	auto
0x20000098	0x1	auto
0x2000009c	0x1	auto
0x200000a0	0x1	auto
0x200000a4	0x1	auto
0x200000a8	0x1	auto
0x200000ac	0x1	auto
0x200000b0	0x1	auto
0x200000b4	0x1	auto
0x200000b8	0x1	auto
0x200000bc	0x1	auto
0x200000c0	0x1	auto
0x200000c4	0x1	auto
0x200000c8	0x1	auto
0x200000cc	0x1	auto
0x200000d0	0x1	auto
0x200000d4	0x1	auto
0x200000d8	0x1	auto
0x200000dc	0x1	auto
0x200000e0	0x1	auto
0x200000e4	0x1	auto
0x200000e8	0x1	auto
0x200000ec	0x1	auto
0x200000f0	0x1	auto
0x200000f4	0x1	auto
0x200000f8	0x1	auto
0x200000fc	0x1	auto
0x20000100	0x1	auto
0x20000104	0x1	auto
0x20000108	0x1	auto
0x2000010c	0x1	auto
0x20000110	0x1	auto
0x20000114	0x1	auto
0x20000118	0x1	auto
0x2000011c	0x1	auto
0x20000120	0x1	auto
0x20000124	0x1	auto
0x20000128	0x1	auto
0x2000012c	0x1	auto
0x20000130	0x1	auto
0x20000134	0x1	auto
0x20000138	0x1	auto
0x2000013c	0x1	auto
0x20000140	0x1	auto
0x20000144	0x1	auto
0x20000148	0x1	auto
0x2000014c	0x1	auto
0x20000150	0x1	auto
0x20000154	0x1	auto
0x20000158	0x1	auto
0x2000015c	0x1	auto
0x20000160	0x1	auto
0x20000164	0x1	auto
0x20000168	0x1	auto
0x2000016c	0x1	auto
0x20000170	0x1	auto
0x20000174	0x1	auto
0x20000178	0x1	auto
0x2000017c	0x1	auto
0x20000180	0x1	auto
0x20000184	0x1	auto
0x20000188	0x1	auto
0x2000018c	0x1	auto
0x20000190	0x1	auto
0x20000194	0x1	auto
0x20000198	0x1	auto
0x2000019c	0x1	auto
0x200001a0	0x1	auto
0x200001a4	0x1	auto
0x200001a8	0x1	auto
0x200001ac	0x1	auto
0x200001b0	0x1	auto
0x200001b4	0x1	auto
0x200001b8	0x1	auto
0x200001bc	0x1	auto
0x200001c0	0x1	auto
0x200001c4	0x1	auto
0x200001c8	0x1	auto
0x200001cc	0x1	auto
0x200001d0	0x1	auto
0x200001d4	0x1	auto
0x200001d8	0x1	auto
0x200001dc	0x1	auto
0x200001e0	0x1	auto
0x200001e4	0x1	auto
0x200001e8	0x1	auto
0x200001ec	0x1	auto
0x200001f0	0x1	auto
0x200001f4	0x1	auto
0x200001f8	0x1	auto
0x200001fc	0x1	auto
0x20000200	0x1	auto
0x20000204	0x1	auto
0x20000208	0x1	auto
0x2000020c	0x1	auto
0x20000210	0x1	auto
0x20000214	0x1	auto
0x20000218	0x1	auto
0x2000021c	0x1	auto
0x20000220	0x1	auto
0x20000224	0x1	auto
0x20000228	0x1	auto
0x2000022c	0x1	auto
0x20000230	0x1	auto
0x20000234	0x1	auto
0x20000238	0x1	auto
0x2000023c	0x1	auto
0x20000240	0x1	auto
0x20000244	0x1	auto
0x20000248	0x1	auto
0x2000024c	0x1	auto
0x20000250	0x1	auto
0x20000254	0x1	auto
0x20000258	0x1	auto
0x2000025c	0x1	auto
0x20000260	0x1	auto
0x800d5800	0x4	txn
0x800d5844	0x4	txn
0x800d587c	0x64	txn
0x800d58e0	0x3c	txn
0x800d591c	0x188	txn
0x800d5aa4	0x244	txn
0x800d5ce8	0x168	txn
0x800d5e50	0x8	txn
0x800d5e58	0x154	auto
0x800d5fac	0x330	auto
0x800d62dc	0xcc	txn
0x800d63a8	0x94	txn
0x800d643c	0x138	txn
0x800d6574	0x4c	txn
0x800d65c0	0xa4	txn
0x800d6664	0x70	txn
0x800d66d4	0x8	txn
0x800d66dc	0x94	txn
0x800d6770	0x2d4	txn
0x800d6a44	0x70	txn
0x800d6ab4	0x60	txn
0x800d6b14	0x84	txn
0x800d6b98	0x13c	txn
0x800d6cd4	0xa8	txn
0x800d6d7c	0x100	txn
0x800d6e7c	0x110	txn
0x800d6f8c	0xac	txn
0x800d7038	0x120	txn
0x800d7158	0x244	txn
0x800d739c	0x2d4	txn
0x800d7670	0x54	txn
0x800d76c4	0x8	txn
0x800d76cc	0x3c	txn
0x800d7708	0x14	txn
0x800d771c	0x150	txn
0x800d786c	0x7c	auto
0x800d78e8	0x14	txn
0x800d78fc	0x8c	txn
0x800d7988	0xb8	txn
0x800d7a40	0xe8	txn
0x800d7b28	0x3c	txn
0x800d7b64	0x80	txn
0x800d7be4	0x154	txn
0x800d7d38	0x1a8	txn
0x800d7ee0	0xa0	txn
0x800d7f80	0xec	txn
0x800d806c	0x20	txn
0x800d808c	0x50	txn
0x800d80dc	0x60	txn
0x800d813c	0x88	txn
0x800d81c4	0x134	auto
0x800d82f8	0xc8	txn
0x800d83c0	0x10c	txn
0x800d84cc	0x3c	txn
0x800d8508	0x90	txn
0x800d8598	0x23c	txn
0x800d87d4	0x52c	txn
0x800d8d00	0x64	auto
0x800d8d64	0x1b0	auto
0x800d8f14	0x88	auto
0x800d8f9c	0x60	txn
0x800d8ffc	0x270	txn
0x800d926c	0x3c	txn
0x800d92a8	0x140	txn
0x800d93e8	0xf0	txn
0x800d94d8	0x3c	txn
0x800d9514	0x3c	txn
0x800d9550	0xf8	txn
0x800d9648	0x200	txn
0x800d9848	0x3c	txn
0x800d9884	0x88	txn
0x800d990c	0x44	txn
0x800d9950	0x48	txn
0x800d9998	0x44	txn
0x800d99dc	0x8	txn
0x800d99e4	0x5f8	txn
0x800d9fdc	0x64	auto
0x800da040	0x94	txn
0x800da0d4	0x1e0	txn
0x800da2b4	0x130	txn
0x800da3e4	0xfc	txn
0x800da4e0	0x70	txn
0x800da550	0x8	txn
0x800da558	0x8	txn
0x800da560	0x20	txn
0x800da580	0xe4	txn
0x800da8c4	0x6c	txn
0x800da968	0x4	txn
0x800da974	0x4	txn
0x800daa2c	0x4	txn
0x800daa48	0x8	txn
0x800daa78	0x4	txn
0x800daa84	0x8	txn
0x800dad38	0x68	txn
0x800dadac	0x4	txn
0x800dadbc	0x4	txn
0x800dae48	0x4	txn
