# Ghidra DumpPsyqObjects.java (psx_ldr SigApplier, PsyQ 470, rolled back) on SLUS_012.79; start<TAB>size<TAB>lib<TAB>obj<TAB>low; refresh: PY tools/boundaries.py --ghidra
0x8001b3b8	0x178	NOHEAP.OBJ	NOHEAP.OBJ	0
0x8001ea54	0x20	LIBSN.LIB	op_vdel.obj	1
0x8001ea54	0x20	LIBSN.LIB	op_vnew.obj	1
0x8005d930	0x10	LIBGS.LIB	GS_125.OBJ	1
0x8005d930	0x10	LIBSND.LIB	SSVM_2.OBJ	1
0x8006e514	0x20	LIBSND.LIB	UT_ROFF.OBJ	0
0x8006e514	0x20	LIBSPU.LIB	S_I.OBJ	0
0x8006e534	0x160	LIBSPU.LIB	S_INI.OBJ	0
0x8006e684	0x10	LIBCOMB.LIB	COMB_3.OBJ	1
0x8006e684	0x10	LIBSND.LIB	DMYNOT1.OBJ	1
0x8006e684	0x10	LIBSND.LIB	VM_KEY_2.OBJ	1
0x8006e694	0xb40	LIBSPU.LIB	SPU.OBJ	0
0x8006f1d4	0x30	LIBSPU.LIB	S_DCB.OBJ	1
0x8006f204	0x30	LIBSPU.LIB	S_SNV.OBJ	1
0x8006f234	0x2c0	LIBSPU.LIB	S_SAV.OBJ	0
0x8006f4f4	0xf0	LIBSPU.LIB	S_SR.OBJ	0
0x8006f5e4	0x110	LIBSPU.LIB	S_M_UTIL.OBJ	0
0x8006f6f4	0x4e0	LIBSPU.LIB	S_SRMP.OBJ	0
0x8006fbd4	0x4d0	LIBSPU.LIB	S_SRA.OBJ	0
0x800700a4	0x50	LIBSPU.LIB	S_RRWA.OBJ	0
0x800700f4	0x30	LIBSPU.LIB	S_SRV.OBJ	1
0x80070124	0x1a0	LIBSPU.LIB	S_CRWA.OBJ	0
0x800702c4	0x1c0	LIBSPU.LIB	S_SK.OBJ	0
0x80070484	0x60	LIBSPU.LIB	S_STSA.OBJ	0
0x800704e4	0x30	LIBSPU.LIB	S_STM.OBJ	0
0x80070514	0x90	LIBSPU.LIB	S_WP.OBJ	0
0x800705a4	0xb0	LIBSPU.LIB	S_ITC.OBJ	0
0x80070654	0x30	LIBSPU.LIB	S_STC.OBJ	1
0x80070684	0x160	LIBSPU.LIB	SR_GAKS.OBJ	0
0x800707e4	0x80	LIBSPU.LIB	S_SVV.OBJ	0
0x80070864	0x70	LIBSPU.LIB	S_SVP.OBJ	0
0x800708d4	0x600	LIBSPU.LIB	S_SVA.OBJ	0
0x80070ed4	0x200	LIBSPU.LIB	S_N2P.OBJ	0
0x800710d4	0x380	LIBSPU.LIB	S_SCA.OBJ	0
0x80071454	0x30	LIBSPU.LIB	S_SRMD.OBJ	1
0x80071484	0x210	LIBETC.LIB	VSYNC.OBJ	0
0x80071694	0x6c0	LIBETC.LIB	INTR.OBJ	0
0x80071d54	0x120	LIBETC.LIB	INTR_VB.OBJ	0
0x80071e74	0x2a0	LIBETC.LIB	INTR_DMA.OBJ	0
0x80072114	0x30	LIBCD.LIB	CDROM.OBJ	0
0x80072144	0x60	LIBCD.LIB	C_002.OBJ	0
0x800721a4	0x80	LIBCD.LIB	C_003.OBJ	1
0x80072224	0x90	LIBCD.LIB	C_005.OBJ	0
0x800722b4	0xb0	LIBCD.LIB	C_007.OBJ	0
0x80072364	0x40	LIBCD.LIB	C_008.OBJ	0
0x800723a4	0xc0	LIBCD.LIB	C_009.OBJ	0
0x80072464	0x20	LIBCD.LIB	C_010.OBJ	1
0x80072484	0xaf0	LIBCD.LIB	C_011.OBJ	0
0x80072f74	0xf0	LIBCD.LIB	C_004.OBJ	0
0x80073064	0x80	LIBCD.LIB	SYS.OBJ	0
# rows 51..
0x80073064	0x80	LIBDS.LIB	D3_006.OBJ	0
0x800730e4	0x1580	LIBCD.LIB	BIOS_1.OBJ	0
0x80074664	0x110	LIBCD.LIB	S_002.OBJ	0
0x80074664	0x110	LIBDS.LIB	D3_005.OBJ	0
0x80074774	0x20	LIBC2.LIB	ATOI_1.OBJ	1
0x80074774	0x20	LIBCD.LIB	S_008.OBJ	1
0x80074774	0x20	LIBCD.LIB	S_012.OBJ	1
0x80074774	0x20	LIBCD.LIB	S_013.OBJ	1
0x80074774	0x20	LIBCD.LIB	S_024.OBJ	1
0x80074774	0x20	LIBDS.LIB	D2_001.OBJ	1
0x80074774	0x20	LIBDS.LIB	D2_003.OBJ	1
0x80074774	0x20	LIBDS.LIB	D3_004.OBJ	1
0x80074774	0x20	LIBETC.LIB	PADSTOP.OBJ	1
0x80074774	0x20	LIBGS.LIB	GS_106.OBJ	1
0x80074774	0x20	LIBSND.LIB	SSNOFF.OBJ	1
0x80074774	0x20	LIBSND.LIB	SSQUIT.OBJ	1
0x80074794	0x20	LIBCD.LIB	CDR_2.OBJ	1
0x80074794	0x20	LIBCD.LIB	CDR_3.OBJ	1
0x80074794	0x20	LIBCD.LIB	S_009.OBJ	1
0x80074794	0x20	LIBCD.LIB	S_014.OBJ	1
0x80074794	0x20	LIBCD.LIB	S_015.OBJ	1
0x80074794	0x20	LIBDS.LIB	D3_007.OBJ	1
0x8007479c	0x10	LIBGS.LIB	GS_101.OBJ	1
0x8007479c	0x10	LIBGS.LIB	GS_102.OBJ	1
0x8007479c	0x10	LIBGS.LIB	GS_124.OBJ	1
0x8007479c	0x10	LIBSND.LIB	SSVM.OBJ	1
0x800747b4	0x30	LIBCD.LIB	S_023.OBJ	1
0x800747b4	0x30	LIBDS.LIB	DSCB_4.OBJ	1
0x800747e4	0x13f0	LIBDS.LIB	DSSYS_2.OBJ	0
0x80075bd4	0x1140	LIBDS.LIB	DSSYS_1.OBJ	0
0x80075e58	0x10	LIBCD.LIB	S_003.OBJ	1
0x80075e58	0x10	LIBCD.LIB	S_004.OBJ	1
0x80075e58	0x10	LIBCD.LIB	S_005.OBJ	1
0x80076d14	0x20	LIBCD.LIB	S_020.OBJ	0
0x80076d14	0x20	LIBDS.LIB	DSSYS_3.OBJ	0
0x80076d34	0x510	LIBDS.LIB	DSREAD.OBJ	0
0x80077244	0x100	LIBDS.LIB	DSREAD2.OBJ	0
0x80077344	0x960	LIBDS.LIB	DSFILE.OBJ	0
0x80077ca4	0x5a0	LIBDS.LIB	DSREADY.OBJ	0
0x80078244	0x30	LIBDS.LIB	D1_001.OBJ	1
0x80078244	0x30	LIBDS.LIB	D1_002.OBJ	1
0x800782a4	0x20	LIBDS.LIB	D2_002.OBJ	0
0x800782a4	0x20	LIBDS.LIB	D2_004.OBJ	0
0x800782e4	0x40	LIBDS.LIB	D2_005.OBJ	1
0x80078324	0x50	LIBDS.LIB	D2_006.OBJ	0
0x80078374	0x20	LIBCD.LIB	S_021.OBJ	0
0x80078374	0x20	LIBCD.LIB	S_022.OBJ	0
0x80078374	0x20	LIBDS.LIB	D3_002.OBJ	0
0x80078374	0x20	LIBDS.LIB	D3_003.OBJ	0
0x80078394	0x100	LIBCD.LIB	BIOS_2.OBJ	0
# rows 101..
0x800784b4	0xf0	LIBCD.LIB	BIOS_3.OBJ	0
0x80078754	0x60	LIBDS.LIB	D3_008.OBJ	0
0x800787b4	0x20	LIBDS.LIB	DSCB_1.OBJ	1
0x800787b4	0x20	LIBDS.LIB	DSCB_2.OBJ	1
0x800787b4	0x20	LIBDS.LIB	DSCB_3.OBJ	1
0x80078844	0xd0	LIBGTE.LIB	GEO_00.OBJ	0
0x80078914	0xa0	LIBGTE.LIB	GEO_01.OBJ	0
0x800789b4	0xd0	LIBGTE.LIB	COR_02.OBJ	0
0x80078a84	0x120	LIBGTE.LIB	COR_01.OBJ	0
0x80078ba4	0x1e0	LIBGTE.LIB	COR_03.OBJ	0
0x80078d84	0x90	LIBGTE.LIB	MSC00.OBJ	0
0x80078e14	0x90	LIBGTE.LIB	MSC01.OBJ	0
0x80078ea4	0x2b0	LIBGTE.LIB	MSC02.OBJ	0
0x80079154	0xa0	LIBGTE.LIB	MSC09.OBJ	0
0x800791f4	0x110	LIBGTE.LIB	MTX_000.OBJ	0
0x80079304	0x160	LIBGTE.LIB	MTX_004.OBJ	0
0x80079464	0x140	LIBGTE.LIB	MTX_01.OBJ	0
0x800795a4	0x110	LIBGTE.LIB	MTX_04.OBJ	0
0x800796b4	0x50	LIBGTE.LIB	MTX_05.OBJ	0
0x80079704	0x60	LIBGTE.LIB	MTX_06.OBJ	0
0x80079764	0x140	LIBGTE.LIB	MTX_08.OBJ	0
0x800798a4	0x30	LIBGTE.LIB	MTX_09.OBJ	0
0x800798d4	0x20	LIBGTE.LIB	MTX_12.OBJ	0
0x800798f4	0x10	LIBGTE.LIB	REG09.OBJ	1
0x80079904	0x20	LIBGTE.LIB	REG10.OBJ	0
0x80079924	0x20	LIBGTE.LIB	REG12.OBJ	1
0x80079944	0x10	LIBGTE.LIB	REG13.OBJ	1
0x80079954	0x30	LIBGTE.LIB	SMP_02.OBJ	0
0x80079984	0x60	LIBGTE.LIB	SMP_03.OBJ	0
0x800799e4	0x80	LIBGTE.LIB	CMB_00.OBJ	0
0x80079a64	0x40	LIBGTE.LIB	FGO_00.OBJ	0
0x80079aa4	0x290	LIBGTE.LIB	FGO_01.OBJ	0
0x80079d34	0x290	LIBGTE.LIB	FGO_02.OBJ	0
0x80079fc4	0x290	LIBGTE.LIB	FGO_03.OBJ	0
0x8007a254	0x1a0	LIBGTE.LIB	FGO_04.OBJ	0
0x8007a3f4	0x1a0	LIBGTE.LIB	FGO_05.OBJ	0
0x8007a594	0x290	LIBGTE.LIB	FGO_08.OBJ	0
0x8007a824	0x210	LIBGTE.LIB	RMAT_01.OBJ	0
0x8007aa34	0x200	LIBGTE.LIB	RMAT_02.OBJ	0
0x8007ac34	0x180	LIBGTE.LIB	RATAN.OBJ	0
0x8007adb4	0xe0	LIBGTE.LIB	PATCHGTE.OBJ	0
0x8007ae94	0x90	LIBGTE.LIB	MSC06_3.OBJ	0
0x8007af24	0x80	LIBGTE.LIB	MSC06_6.OBJ	0
0x8007afa4	0x20	LIBGTE.LIB	SMP_00_1.OBJ	1
0x8007b004	0x2f00	LIBGPU.LIB	SYS.OBJ	0
0x8007df04	0x30	LIBETC.LIB	VMODE.OBJ	1
0x8007df34	0xc0	LIBGPU.LIB	E03.OBJ	0
0x8007dff4	0x40	LIBGPU.LIB	E04.OBJ	0
0x8007e034	0x40	LIBGPU.LIB	P00.OBJ	0
0x8007e074	0x40	LIBGPU.LIB	P06.OBJ	0
# rows 151..
0x8007e0b4	0x40	LIBGPU.LIB	P07.OBJ	0
0x8007e0f4	0x20	LIBGPU.LIB	P22.OBJ	1
0x8007e114	0x20	LIBGPU.LIB	P26.OBJ	1
0x8007e134	0x60	LIBGPU.LIB	P34.OBJ	0
0x8007e194	0xa0	LIBGPU.LIB	P41.OBJ	0
0x8007e234	0x30	LIBSND.LIB	SSINIT_H.OBJ	1
0x8007e234	0x50	LIBMCRD.LIB	INIT.OBJ	1
0x8007e284	0x10	LIBAPI.LIB	C112.OBJ	0
0x8007e284	0x10	LIBCARD.LIB	C112.OBJ	0
0x8007e294	0x100	LIBCARD.LIB	INIT.OBJ	0
0x8007e394	0x10	LIBCARD.LIB	A74.OBJ	0
0x8007e3a4	0x10	LIBCARD.LIB	A75.OBJ	0
0x8007e3b4	0x10	LIBCARD.LIB	A76.OBJ	0
0x8007e3c4	0x220	LIBCARD.LIB	PATCH.OBJ	0
0x8007e5e4	0x80	LIBCARD.LIB	END.OBJ	1
0x8007e664	0x18d0	LIBMCRD.LIB	LIBMCRD.OBJ	0
0x8007ff34	0x10	LIBCARD.LIB	C171.OBJ	0
0x8007ff44	0x10	LIBCARD.LIB	C172.OBJ	0
0x8007ff54	0x40	LIBCARD.LIB	CARD.OBJ	0
0x8007ff94	0x10	LIBCARD.LIB	A78.OBJ	0
0x8007ffa4	0x10	LIBCARD.LIB	A80.OBJ	0
0x8007ffb4	0x110	LIBMCRD.LIB	USERFUNC.OBJ	0
0x800800c4	0x6b0	LIBMCRD.LIB	BIOS.OBJ	0
0x80080774	0xa90	LIBMCRD.LIB	LOW.OBJ	0
0x80081204	0x10	LIBCARD.LIB	A79.OBJ	0
0x80081214	0x10	LIBAPI.LIB	C57.OBJ	0
0x80081224	0x10	LIBAPI.LIB	C68.OBJ	0
0x80081234	0x10	LIBAPI.LIB	C73.OBJ	0
0x80081244	0x20	LIBAPI.LIB	C114.OBJ	1
0x80081264	0x10	LIBAPI.LIB	A07.OBJ	0
0x80081274	0x10	LIBAPI.LIB	A08.OBJ	0
0x80081284	0x10	LIBAPI.LIB	A09.OBJ	0
0x80081294	0x10	LIBAPI.LIB	A10.OBJ	0
0x800812a4	0x10	LIBAPI.LIB	A11.OBJ	0
0x800812b4	0x10	LIBAPI.LIB	A12.OBJ	0
0x800812c4	0x10	LIBAPI.LIB	A14.OBJ	0
0x800812d4	0x10	LIBAPI.LIB	A15.OBJ	0
0x800812e4	0x10	LIBAPI.LIB	A16.OBJ	0
0x800812f4	0x10	LIBAPI.LIB	A23.OBJ	0
0x80081304	0x10	LIBAPI.LIB	A24.OBJ	0
0x80081314	0x10	LIBAPI.LIB	A25.OBJ	0
0x80081324	0x10	LIBAPI.LIB	A36.OBJ	1
0x80081334	0x10	LIBAPI.LIB	A37.OBJ	1
0x80081344	0x10	LIBAPI.LIB	A50.OBJ	0
0x80081354	0x10	LIBAPI.LIB	A51.OBJ	0
0x80081364	0x10	LIBAPI.LIB	A52.OBJ	0
0x80081374	0x10	LIBAPI.LIB	A53.OBJ	0
0x80081384	0x10	LIBAPI.LIB	A54.OBJ	0
0x80081394	0x10	LIBAPI.LIB	A67.OBJ	0
0x800813a4	0x10	LIBAPI.LIB	A81.OBJ	0
# rows 201..
0x800813b4	0x10	LIBAPI.LIB	A91.OBJ	0
0x800813c4	0x10	LIBAPI.LIB	L10.OBJ	0
0x800813d4	0x170	LIBAPI.LIB	COUNTER.OBJ	0
0x80081544	0x2a0	LIBAPI.LIB	FIRST.OBJ	0
0x800817e4	0x10	LIBAPI.LIB	A66.OBJ	0
0x800817f4	0x290	LIBAPI.LIB	PAD.OBJ	0
0x80081a84	0x10	LIBAPI.LIB	A18.OBJ	0
0x80081a94	0x10	LIBAPI.LIB	A19.OBJ	0
0x80081aa4	0x10	LIBAPI.LIB	A21.OBJ	0
0x80081ab4	0x10	LIBAPI.LIB	L02.OBJ	0
0x80081ac4	0x10	LIBAPI.LIB	L03.OBJ	0
0x80081ad4	0xa0	LIBAPI.LIB	PATCH.OBJ	0
0x80081b74	0x70	LIBAPI.LIB	CHCLRPAD.OBJ	0
0x80081be4	0x10	LIBC.LIB	A56.OBJ	0
0x80081be4	0x10	LIBC2.LIB	EXIT.OBJ	0
0x80081bf4	0x20	LIBC.LIB	A63.OBJ	1
0x80081c14	0x10	LIBC.LIB	C19.OBJ	0
0x80081c24	0x10	LIBC.LIB	C21.OBJ	0
0x80081c34	0x10	LIBC.LIB	C23.OBJ	0
0x80081c44	0x10	LIBC.LIB	C24.OBJ	0
0x80081c54	0x10	LIBC.LIB	C25.OBJ	0
0x80081c64	0x10	LIBC.LIB	C26.OBJ	0
0x80081c74	0x10	LIBC.LIB	C27.OBJ	0
0x80081c84	0x10	LIBC.LIB	C40.OBJ	0
0x80081c94	0x10	LIBC.LIB	C42.OBJ	0
0x80081ca4	0x10	LIBC.LIB	C43.OBJ	0
0x80081cb4	0x10	LIBC.LIB	C47.OBJ	0
0x80081cc4	0x10	LIBC.LIB	C63.OBJ	0
0x80081cd4	0x890	LIBC.LIB	SPRINTF.OBJ	0
0x80082564	0x10	LIBC.LIB	C46.OBJ	0
0x80082574	0x70	LIBC.LIB	MEMMOVE.OBJ	0
0x80082574	0x70	LIBC2.LIB	MEMMOVE.OBJ	0
0x800825e4	0x190	LIBC.LIB	QSORT.OBJ	0
0x800825e4	0x190	LIBC2.LIB	QSORT.OBJ	0
0x80082774	0x40	LIBPAD.LIB	PDCMD1.OBJ	0
0x800827b4	0x170	LIBPAD.LIB	PDCMD2.OBJ	0
0x80082924	0xd0	LIBPAD.LIB	PDENT2.OBJ	0
0x800829f4	0x100	LIBPAD.LIB	PDENT3.OBJ	0
0x80082af4	0x110	LIBPAD.LIB	PDMAIINI.OBJ	0
0x80082c04	0xb0	LIBPAD.LIB	PDDIRINI.OBJ	0
0x80082cb4	0xa40	LIBPAD.LIB	PDDIRRES.OBJ	0
0x800836f4	0x1e70	LIBPAD.LIB	PDRESRES.OBJ	0
0x80085564	0x690	LIBPRESS.LIB	LIBPRESS.OBJ	0
0x80085bf4	0x380	LIBPRESS.LIB	VLC.OBJ	0
