# Ghidra DumpSwitchTables.java on program SLUS_012.79 (ghidra/dc2, read-only); jr<TAB>start<TAB>end<TAB>entries<TAB>src (auto | txn = recovered in a rolled-back txn); end exclusive; refresh: PY tools/boundaries.py --ghidra
0x8001e6cc	0x800181f0	0x8001820c	7	auto
0x8001fac8	0x8001820c	0x80018224	6	auto
0x800213a0	0x8001824c	0x80018268	7	auto
0x80026c94	0x8001827c	0x80018294	6	txn
0x80026e78	0x80018294	0x800182ac	6	txn
0x80026fe8	0x800182ac	0x800182cc	8	txn
0x80027270	0x800182cc	0x800182f0	9	txn
0x80027680	0x800182f4	0x8001830c	6	auto
0x8002798c	0x8001830c	0x80018324	6	auto
0x80027b88	0x80018324	0x8001833c	6	txn
0x80027ce0	0x8001833c	0x80018350	5	txn
0x80027f08	0x80018354	0x80018368	5	txn
0x80028038	0x8001836c	0x80018388	7	txn
0x80028254	0x8001838c	0x800183a4	6	auto
0x800285a8	0x800183a4	0x800183bc	6	txn
0x80028d0c	0x800183bc	0x800183d0	5	auto
0x80029c4c	0x800183d4	0x800183ec	6	auto
0x8002bd1c	0x80018400	0x80018440	16	auto
0x8002bd6c	0x80018440	0x80018480	16	auto
0x8002c268	0x80018480	0x800184c0	16	auto
0x8002fec8	0x800184e0	0x800184f4	5	auto
0x800307fc	0x800185f0	0x80018624	13	auto
0x8003500c	0x80018624	0x800186f8	53	auto
0x8003babc	0x80018724	0x80018740	7	auto
0x8003c4f4	0x8001876c	0x8001878c	8	auto
0x800422fc	0x8001961c	0x80019648	11	auto
0x80045918	0x80019660	0x80019688	10	auto
0x8004b978	0x80019b30	0x80019b48	6	auto
0x80052010	0x80019d50	0x80019d68	6	auto
0x80056028	0x80019f00	0x80019f18	6	txn
0x80056198	0x80019f18	0x80019f30	6	auto
0x800592dc	0x8001a058	0x8001a074	7	auto
0x8005b79c	0x8001a08c	0x8001a0a0	5	auto
0x8005ea5c	0x8001a0a0	0x8001a0bc	7	auto
0x8005eb58	0x8001a0c0	0x8001a128	26	auto
0x8005f8d8	0x8001a128	0x8001a1c8	40	auto
0x8005fb94	0x8001a1c8	0x8001a248	32	auto
0x8005fd2c	0x8001a248	0x8001a2e8	40	auto
0x8005ff38	0x8001a2e8	0x8001a350	26	auto
0x8006008c	0x8001a350	0x8001a3f0	40	auto
0x800605f0	0x8001a3f0	0x8001a490	40	auto
0x80060784	0x8001a490	0x8001a510	32	auto
0x800608a4	0x8001a510	0x8001a5b0	40	auto
0x800609c0	0x8001a5b0	0x8001a618	26	auto
0x80060a60	0x8001a618	0x8001a6c4	43	auto
0x80062894	0x8001a6c8	0x8001a6dc	5	auto
0x80062b00	0x8001a6e0	0x8001a704	9	auto
0x80064c48	0x8001a704	0x8001a744	16	auto
0x80065d60	0x8001a744	0x8001a758	5	auto
0x8006d348	0x8001a778	0x8001a798	8	auto
# rows 51..
0x80070a08	0x8001a7e8	0x8001a804	7	auto
0x80070ae8	0x8001a808	0x8001a824	7	auto
0x80071124	0x8001a828	0x8001a848	8	auto
0x800711e4	0x8001a848	0x8001a868	8	auto
0x80073340	0x8001aae8	0x8001aafc	5	auto
0x800754ec	0x8001ab98	0x8001abfc	25	auto
0x80076634	0x8001ac08	0x8001ac70	26	auto
0x8007eb94	0x8001b0b8	0x8001b184	51	auto
0x80081f90	0x8001b2b0	0x8001b364	45	auto
