# config/ghidra/SLUS_012.79.functions.tsv -- generated by tools/ghidra/dump_functions.sh (DumpFunctions.java); do not hand-edit.
# generator sha256=74d8f2594538627a06df9e9afd33fc5b0c512465d8dd2d0940944d30cb3f8d37 ghidra=12.1.3 loadmap_sha1=c33bcaf3c58bd123f63cb03d907d8ca909f0fff8 base=0x80018000 alias=slus_012_79
# non-contiguous bodies: 7
# start	size	source
0x20000000	0x1	auto
0x20000004	0x1	auto
0x20000008	0x1	auto
0x2000000c	0x1	auto
0x20000010	0x1	auto
0x20000014	0x1	auto
0x20000018	0x1	auto
0x2000001c	0x1	auto
0x20000020	0x1	auto
0x20000024	0x1	auto
0x20000028	0x1	auto
0x2000002c	0x1	auto
0x20000030	0x1	auto
0x20000034	0x1	auto
0x20000038	0x1	auto
0x2000003c	0x1	auto
0x20000040	0x1	auto
0x20000044	0x1	auto
0x20000048	0x1	auto
0x2000004c	0x1	auto
0x20000050	0x1	auto
0x20000054	0x1	auto
0x20000058	0x1	auto
0x2000005c	0x1	auto
0x20000060	0x1	auto
0x20000064	0x1	auto
0x20000068	0x1	auto
0x2000006c	0x1	auto
0x20000070	0x1	auto
0x20000074	0x1	auto
0x20000078	0x1	auto
0x2000007c	0x1	auto
0x20000080	0x1	auto
0x20000084	0x1	auto
0x20000088	0x1	auto
0x2000008c	0x1	auto
0x20000090	0x1	auto
0x20000094	0x1	auto
0x20000098	0x1	auto
0x2000009c	0x1	auto
0x200000a0	0x1	auto
0x200000a4	0x1	auto
0x200000a8	0x1	auto
0x200000ac	0x1	auto
0x200000b0	0x1	auto
0x200000b4	0x1	auto
0x200000b8	0x1	auto
0x200000bc	0x1	auto
0x200000c0	0x1	auto
0x200000c4	0x1	auto
0x200000c8	0x1	auto
0x200000cc	0x1	auto
0x200000d0	0x1	auto
0x200000d4	0x1	auto
0x200000d8	0x1	auto
0x200000dc	0x1	auto
0x200000e0	0x1	auto
0x200000e4	0x1	auto
0x200000e8	0x1	auto
0x200000ec	0x1	auto
0x200000f0	0x1	auto
0x200000f4	0x1	auto
0x200000f8	0x1	auto
0x200000fc	0x1	auto
0x20000100	0x1	auto
0x20000104	0x1	auto
0x20000108	0x1	auto
0x2000010c	0x1	auto
0x20000110	0x1	auto
0x20000114	0x1	auto
0x20000118	0x1	auto
0x2000011c	0x1	auto
0x20000120	0x1	auto
0x20000124	0x1	auto
0x20000128	0x1	auto
0x2000012c	0x1	auto
0x20000130	0x1	auto
0x20000134	0x1	auto
0x20000138	0x1	auto
0x2000013c	0x1	auto
0x20000140	0x1	auto
0x20000144	0x1	auto
0x20000148	0x1	auto
0x2000014c	0x1	auto
0x20000150	0x1	auto
0x20000154	0x1	auto
0x20000158	0x1	auto
0x2000015c	0x1	auto
0x20000160	0x1	auto
0x20000164	0x1	auto
0x20000168	0x1	auto
0x2000016c	0x1	auto
0x20000170	0x1	auto
0x20000174	0x1	auto
0x20000178	0x1	auto
0x2000017c	0x1	auto
0x20000180	0x1	auto
0x20000184	0x1	auto
0x20000188	0x1	auto
0x2000018c	0x1	auto
0x20000190	0x1	auto
0x20000194	0x1	auto
0x20000198	0x1	auto
0x2000019c	0x1	auto
0x200001a0	0x1	auto
0x200001a4	0x1	auto
0x200001a8	0x1	auto
0x200001ac	0x1	auto
0x200001b0	0x1	auto
0x200001b4	0x1	auto
0x200001b8	0x1	auto
0x200001bc	0x1	auto
0x200001c0	0x1	auto
0x200001c4	0x1	auto
0x200001c8	0x1	auto
0x200001cc	0x1	auto
0x200001d0	0x1	auto
0x200001d4	0x1	auto
0x200001d8	0x1	auto
0x200001dc	0x1	auto
0x200001e0	0x1	auto
0x200001e4	0x1	auto
0x200001e8	0x1	auto
0x200001ec	0x1	auto
0x200001f0	0x1	auto
0x200001f4	0x1	auto
0x200001f8	0x1	auto
0x200001fc	0x1	auto
0x20000200	0x1	auto
0x20000204	0x1	auto
0x20000208	0x1	auto
0x2000020c	0x1	auto
0x20000210	0x1	auto
0x20000214	0x1	auto
0x20000218	0x1	auto
0x2000021c	0x1	auto
0x20000220	0x1	auto
0x20000224	0x1	auto
0x20000228	0x1	auto
0x2000022c	0x1	auto
0x20000230	0x1	auto
0x20000234	0x1	auto
0x20000238	0x1	auto
0x2000023c	0x1	auto
0x20000240	0x1	auto
0x20000244	0x1	auto
0x20000248	0x1	auto
0x2000024c	0x1	auto
0x20000250	0x1	auto
0x20000254	0x1	auto
0x20000258	0x1	auto
0x2000025c	0x1	auto
0x20000260	0x1	auto
0x80018014	0xc	auto
0x80018020	0x1c	auto
0x80018060	0x164	txn
0x80018704	0x4	txn
0x80018714	0x8	txn
0x800187ac	0x10	txn
0x8001945c	0x8	txn
0x80019708	0x4	txn
0x8001b288	0x8	txn
0x8001b3b8	0xa0	auto
0x8001b458	0x70	auto
0x8001b4c8	0x68	auto
0x8001b538	0x34	auto
0x8001b56c	0x164	auto
0x8001b6fc	0x4d4	auto
0x8001bbd0	0xac	auto
0x8001bc7c	0x18c	auto
0x8001be08	0x110	auto
0x8001bf18	0x44	txn
0x8001bf5c	0xf4	auto
0x8001c050	0x194	auto
0x8001c1e4	0x74	txn
0x8001c258	0x58	txn
0x8001c2b0	0x1c8	auto
0x8001c478	0x98	auto
0x8001c510	0x9c	auto
0x8001c5ac	0x68	auto
0x8001c614	0x6c	auto
0x8001c680	0xac	auto
0x8001c72c	0x128	auto
0x8001c854	0x3c4	auto
0x8001cc18	0x5c	auto
0x8001cc74	0x138	auto
0x8001cdac	0x38	auto
0x8001cde4	0x34	auto
0x8001ce68	0x6c	auto
0x8001ced4	0x58	auto
0x8001d180	0x64	auto
0x8001d1e4	0x4c	auto
0x8001d230	0x5c	auto
0x8001d28c	0x54	auto
0x8001d2e0	0x58	auto
0x8001d338	0x174	auto
0x8001d4ac	0x324	auto
0x8001d7d0	0xcc	auto
0x8001d89c	0x64	auto
0x8001d900	0x3c	auto
0x8001d964	0x70	auto
0x8001d9d4	0x10	auto
0x8001d9e4	0x60	auto
0x8001da44	0x120	auto
0x8001db64	0x98	auto
0x8001dbfc	0x75c	auto
0x8001e358	0x44	auto
0x8001e39c	0x6c	auto
0x8001e408	0x98	txn
0x8001e4a0	0x198	auto
0x8001e638	0x260	txn
0x8001ea54	0x20	txn
0x8001eacc	0x144	txn
0x8001ec10	0xac	auto
0x8001ecbc	0xe0	auto
0x8001ed9c	0x1c4	auto
0x8001ef60	0xbc	auto
0x8001f01c	0x254	auto
0x8001f270	0x1c0	auto
0x8001f430	0x28c	txn
0x8001f9c0	0xb0	auto
0x8001fa70	0xec	auto
0x8001fb5c	0x29c	auto
0x8001fdf8	0xb0	txn
0x8001fea8	0xd0	txn
0x8001ff78	0xb4	txn
0x8002002c	0x15c	txn
0x80020188	0xb8	txn
0x80020240	0x110	txn
0x80020350	0x144	auto
0x80020494	0x158	txn
0x800205ec	0x8	txn
0x800205f4	0x2c	auto
0x80020620	0x8	auto
0x80020628	0xfc	txn
0x80020724	0x118	txn
0x8002083c	0x290	txn
0x80020acc	0x1424	auto
0x80021ef0	0x88	auto
0x80021f78	0xd4	auto
0x8002204c	0x150	auto
0x8002219c	0x220	auto
0x800223bc	0x44	auto
0x8002243c	0x33c	auto
0x80022778	0x744	auto
0x80022ebc	0x334	auto
0x800231f0	0xac	auto
0x8002329c	0xc0	auto
0x8002335c	0x208	auto
0x80023564	0x1c0	auto
0x80023724	0x1c0	auto
0x800238e4	0xac	auto
0x80023990	0x16c	auto
0x80023afc	0xd4	auto
0x80023bd0	0x11c	auto
0x80023cec	0xa0	auto
0x80023d8c	0x78	auto
0x80023e04	0x3c	txn
0x80023e40	0x14	txn
0x80023e54	0x8	txn
0x80023e5c	0x3c	txn
0x80023e98	0x40	txn
0x80023ed8	0x4b4	auto
0x8002438c	0x28	txn
0x800243b4	0x6c	txn
0x80024420	0x8c	txn
0x800244ac	0x2f0	auto
0x8002479c	0x3c	txn
0x800247d8	0x84	txn
0x8002485c	0xe8	auto
0x80024e50	0x290	auto
0x800250e0	0x1f0	txn
0x800252d0	0xf0	txn
0x800253c0	0xf8	txn
0x800254b8	0x2c8	txn
0x80025780	0x3c4	txn
0x80025fc0	0x2cc	txn
0x8002628c	0x11c	txn
0x800263a8	0x74	txn
0x8002641c	0x40	auto
0x8002645c	0x3c	txn
0x80026498	0x14	txn
0x800264ac	0x58	txn
0x80026504	0x17c	auto
0x80026680	0x3c	txn
0x800266bc	0x18	txn
0x800266d4	0x8	txn
0x800266dc	0x80	auto
0x8002675c	0x80	auto
0x800267dc	0x178	auto
0x80026954	0xfc	auto
0x80026a50	0x2c	txn
0x80026a7c	0x164	auto
0x80026be0	0x2c	txn
0x80026c0c	0x90	txn
0x80026c9c	0x48	txn
0x80026ce4	0x84	txn
0x80026d68	0x50	txn
0x80026db8	0xc8	txn
0x80026e80	0x48	txn
0x80026ec8	0x84	txn
0x80026f4c	0x50	txn
0x80026f9c	0x54	txn
0x80026ff0	0x3c	txn
0x8002702c	0xb8	txn
0x800270e4	0x50	txn
0x80027134	0x54	txn
0x80027188	0x58	txn
0x800271e0	0x20	txn
0x80027200	0x20	txn
0x80027220	0x58	txn
0x80027278	0x50	txn
0x800272c8	0x150	txn
0x80027418	0x68	txn
0x80027480	0x5c	txn
0x800274dc	0x20	txn
0x800274fc	0x20	txn
0x8002751c	0xfc	auto
0x80027618	0x248	auto
0x80027860	0x38	txn
0x80027898	0x38	txn
0x800278d0	0x38	txn
0x80027908	0x198	auto
0x80027aa0	0x30	txn
0x80027ad0	0x30	txn
0x80027b00	0x30	txn
0x80027b30	0x60	txn
0x80027b90	0x4c	txn
0x80027bdc	0x88	txn
0x80027c64	0x44	txn
0x80027ca8	0x40	txn
0x80027ce8	0x4c	txn
0x80027d34	0x98	txn
0x80027dcc	0x104	txn
0x80027ed0	0x40	txn
0x80027f10	0x48	txn
0x80027f58	0x98	txn
0x80027ff0	0x50	txn
0x80028040	0x3c	txn
0x8002807c	0xbc	txn
0x80028138	0xbc	txn
0x800281f4	0x35c	txn
0x80028550	0x60	txn
0x800285b0	0x188	txn
0x80028738	0x84	txn
0x800287bc	0xf0	txn
0x800288ac	0x64	txn
0x80028910	0xe0	auto
0x800289f0	0x90	auto
0x80028a80	0xf8	auto
0x80028b78	0x154	auto
0x80028ccc	0x488	txn
0x80029154	0x1a0	txn
0x800292f4	0x164	txn
0x80029458	0xe4	txn
0x8002953c	0x13c	txn
0x80029678	0x6c	txn
0x800296e4	0x128	auto
0x8002980c	0x288	auto
0x80029a94	0x58	auto
0x80029aec	0x60	auto
0x80029b4c	0x64	auto
0x80029bb0	0x64	auto
0x80029c14	0x368	auto
0x80029f7c	0x48	auto
0x80029fc4	0x2c0	txn
0x8002a284	0x4f8	txn
0x8002aa7c	0x1a0	auto
0x8002ac1c	0x210	auto
0x8002ae2c	0x3fc	auto
0x8002b228	0xa0	txn
0x8002b2c8	0x88	txn
0x8002b350	0x28	txn
0x8002b378	0x8	txn
0x8002b380	0x60	txn
0x8002b3e0	0x3c	txn
0x8002b41c	0xc0	auto
0x8002b4dc	0x84	txn
0x8002b560	0xb4	auto
0x8002b614	0xbc	auto
0x8002b6d0	0x6c	auto
0x8002b73c	0x9c	txn
0x8002b7d8	0x8	txn
0x8002b7e0	0x20	auto
0x8002b800	0x10	txn
0x8002b810	0x34	auto
0x8002b844	0x30	txn
0x8002b874	0x88	txn
0x8002b8fc	0xd8	txn
0x8002b9d4	0x40	txn
0x8002ba14	0xd4	txn
0x8002bae8	0x80	txn
0x8002bb68	0x114	auto
0x8002bc7c	0x168	auto
0x8002bde4	0x3c	auto
0x8002be20	0x16c	txn
0x8002bf8c	0x4c	txn
0x8002bfd8	0x4c	txn
0x8002c024	0x150	txn
0x8002c174	0x248	txn
0x8002c3bc	0xc8	txn
0x8002c484	0xc4	txn
0x8002c548	0x94	txn
0x8002c5dc	0x190	txn
0x8002c76c	0xd0	txn
0x8002c83c	0x174	txn
0x8002c9b0	0x174	txn
0x8002cb24	0x88	txn
0x8002cbac	0x3c	txn
0x8002cbe8	0x44	txn
0x8002cc2c	0x478	auto
0x8002d0a4	0xb0	txn
0x8002d154	0x1e8	txn
0x8002d33c	0x14	txn
0x8002d350	0x43c	auto
0x8002d78c	0x94	txn
0x8002d820	0xf0	txn
0x8002d910	0x290	txn
0x8002dba0	0x94	txn
0x8002dc34	0xf0	txn
0x8002dd24	0x194	txn
0x8002deb8	0x78	txn
0x8002df30	0x168	txn
0x8002e098	0xb0	txn
0x8002e148	0x44	txn
0x8002e18c	0x48	txn
0x8002e1d4	0x94	txn
0x8002e268	0x1d0	txn
0x8002e438	0x114	txn
0x8002e54c	0x58	txn
0x8002e5a4	0x60	txn
0x8002e604	0x4c	txn
0x8002e650	0x7c	txn
0x8002e6cc	0x48	txn
0x8002e714	0x4c	txn
0x8002e760	0x1c	txn
0x8002e77c	0x10c	txn
0x8002e888	0x98	txn
0x8002e920	0x84	txn
0x8002e9a4	0x38	txn
0x8002e9dc	0x138	auto
0x8002eb14	0xd4	auto
0x8002ebe8	0x48	auto
0x8002ec30	0x8	txn
0x8002ec38	0x448	txn
0x8002f080	0x2ec	auto
0x8002f36c	0x2c	auto
0x8002f3e8	0x1e0	auto
0x8002f5c8	0x8c	auto
0x8002f654	0x3e0	auto
0x8002fba8	0x2dc	auto
0x8002fe84	0x7ec	txn
0x80030670	0x12c	auto
0x8003079c	0x640	auto
0x80030ddc	0x2a8	auto
0x80031084	0x34	auto
0x800310b8	0x4ec	auto
0x80031728	0xd4	auto
0x800317fc	0x16c	auto
0x80031f70	0x47c	txn
0x8003245c	0xd0	auto
0x8003252c	0x33c	auto
0x80032868	0xa0	txn
0x80032908	0x1c4	auto
0x80032acc	0xd0c	txn
0x800337d8	0x1d4	txn
0x800339ac	0x168	auto
0x80033b14	0x15c	txn
0x80033d4c	0x1c4	auto
0x80033f10	0x558	auto
0x80034468	0x168	auto
0x800345d0	0x300	txn
0x800348d0	0x22c	txn
0x80034c48	0x90	auto
0x80034cd8	0x3c	auto
0x80034d14	0x4c	txn
0x80034d60	0x28	txn
0x80034d88	0x9c	auto
0x80034e24	0xe4	auto
0x80034f08	0x5a0	auto
0x800354a8	0x12c	auto
0x800355d4	0x9c	auto
0x80035670	0xd4	auto
0x80035744	0xd0	auto
0x80035814	0xec	auto
0x80035900	0xfc	auto
0x800359fc	0x8c	auto
0x80035a88	0x24	auto
0x80035aac	0xf4	auto
0x80035ba0	0x108	auto
0x80035ca8	0xe0c	auto
0x80036ab4	0x3e0	auto
0x80036e94	0x1d4	auto
0x80037068	0x138	auto
0x800371a0	0x40	auto
0x800371e0	0x3f4	txn
0x800375d4	0xc0	txn
0x80037694	0x70	auto
0x80037704	0x120	txn
0x80037824	0x28	auto
0x800379c0	0xe0	auto
0x80037aa0	0xdc	auto
0x80037b7c	0x40	auto
0x80037bbc	0x60	auto
0x80037c1c	0x40	auto
0x80037c5c	0x40	auto
0x80037c9c	0x17c	auto
0x80037e18	0xc0	auto
0x80037ed8	0xfc	txn
0x80038354	0x214	auto
0x80038568	0x218	auto
0x80038780	0x11c	auto
0x8003889c	0x88	auto
0x80038930	0x684	txn
0x80038fb4	0x234	txn
0x800391e8	0x248	txn
0x80039430	0x224	txn
0x80039654	0x324	txn
0x80039978	0x88	txn
0x80039a00	0x17c	txn
0x80039b7c	0xa4	txn
0x80039c20	0x34	txn
0x80039c54	0x50c	txn
0x8003a160	0x2b0	txn
0x8003a410	0x8	txn
0x8003a418	0x53c	txn
0x8003a954	0x31c	txn
0x8003ac70	0x244	txn
0x8003aeb4	0x1d8	txn
0x8003b08c	0x408	txn
0x8003b494	0xf8	txn
0x8003b58c	0x1ec	txn
0x8003b778	0x280	auto
0x8003b9f8	0xaa0	txn
0x8003c498	0x1f0	txn
0x8003c688	0x250	auto
0x8003c8d8	0xf8	txn
0x8003c9d0	0x10c	auto
0x8003cadc	0x80	txn
0x8003cb5c	0x464	txn
0x8003cfc0	0x220	txn
0x8003d1e0	0x4c	txn
0x8003d22c	0x70	auto
0x8003d29c	0x38	auto
0x8003d2d4	0x2b8	auto
0x8003d58c	0x7a8	auto
0x8003dd34	0x5c	auto
0x8003dd90	0xfc	txn
0x8003de8c	0xf4	auto
0x8003df80	0xa0	txn
0x8003e020	0x124	txn
0x8003e144	0x20	auto
0x8003e164	0x50	auto
0x8003e1b4	0x7c	txn
0x8003e230	0x8	txn
0x8003e238	0x140	txn
0x8003e378	0x110	txn
0x8003e488	0x58	auto
0x8003e4e0	0x15c	auto
0x8003e63c	0x8	txn
0x8003e644	0xa0	txn
0x8003e6e4	0x5c	txn
0x8003e740	0x3c	txn
0x8003e77c	0x20	txn
0x8003e79c	0x14	txn
0x8003e7b0	0x80	auto
0x8003e830	0x48	txn
0x8003e878	0x1a4	txn
0x8003ea1c	0x48	txn
0x8003ea64	0x48	auto
0x8003eaac	0x6c	auto
0x8003eb18	0x8	txn
0x8003eb20	0x634	txn
0x8003f154	0x778	auto
0x8003f8cc	0x4d4	auto
0x8003fe00	0x1e4	auto
0x8003ffe4	0x20	txn
0x80040004	0xec	txn
0x800400f0	0x1fc	auto
0x800402ec	0x94	auto
0x80040380	0xc4	auto
0x80040444	0x90	auto
0x80040500	0x34c	txn
0x8004084c	0x26c	auto
0x80040ab8	0xdc	auto
0x80040b94	0x224	auto
0x80040db8	0x1c4	auto
0x80040f7c	0xd0	auto
0x8004104c	0x27c	txn
0x800412c8	0x70	auto
0x80041338	0x440	txn
0x80041778	0x98	auto
0x80041810	0xcc	auto
0x800418dc	0xb8	auto
0x80041994	0xd4	auto
0x80041a68	0x7c	auto
0x80041ae4	0xd4	auto
0x80041bb8	0x78	auto
0x80041c30	0x190	auto
0x80041dc0	0x348	auto
0x80042108	0x524	auto
0x8004262c	0x12c	auto
0x80042758	0xe4	auto
0x8004283c	0x94	txn
0x800428d0	0x8	auto
0x800428d8	0x20c	txn
0x80042ae4	0x258	txn
0x80042d3c	0x148	txn
0x80042e84	0x2b4	txn
0x80043138	0x14c	txn
0x80043284	0x258	txn
0x800434dc	0x1ec	txn
0x800436c8	0x4c	txn
0x80043714	0xe4	txn
0x800437f8	0x8c	auto
0x80043884	0xd4	auto
0x80043958	0xd4	auto
0x80043a7c	0xa8	auto
0x80043b24	0x3c	auto
0x80043bf8	0x94	auto
0x80043c8c	0x38	auto
0x80043cc4	0xd0	auto
0x80043d94	0x88	auto
0x80043e1c	0x58	auto
0x80043e74	0xe0	auto
0x80043f54	0x124	auto
0x80044078	0x128	auto
0x800441a0	0x80	auto
0x80044220	0xb4	auto
0x800442d4	0x188	auto
0x8004445c	0x94	auto
0x800444f0	0x344	auto
0x80044834	0x254	auto
0x80044a88	0x2c	auto
0x80044ab4	0xcc	auto
0x80044b80	0x244	auto
0x80044dc4	0x4a8	auto
0x8004526c	0x120	auto
0x8004538c	0xd4	auto
0x80045460	0x5c	auto
0x800454bc	0x17c	auto
0x80045638	0x164	auto
0x8004579c	0x88	auto
0x80045824	0x58	txn
0x8004587c	0x74	auto
0x800458f0	0x130	auto
0x80045a20	0x16c	auto
0x80045b8c	0x8c	auto
0x80045c18	0x150	auto
0x80046338	0x138	txn
0x80046470	0xcc	auto
0x8004653c	0x494	txn
0x800469d0	0x8	txn
0x800469d8	0x1e4	txn
0x80046bbc	0x9c	txn
0x80046c58	0xb8	txn
0x80046d10	0x11c	auto
0x80046e2c	0x140	txn
0x80046f6c	0x54	auto
0x80046fc0	0x1a8	auto
0x80047168	0x64	auto
0x800471cc	0x128	auto
0x800472f4	0xb0	auto
0x800473a4	0xac	auto
0x80047450	0x64	auto
0x800474b4	0x28	auto
0x800474dc	0xa8	auto
0x80047584	0x8	auto
0x8004758c	0x188	auto
0x80047714	0x100	auto
0x80047814	0xa4	auto
0x800478b8	0xa0	auto
0x80047958	0x8	auto
0x80047960	0x9c	auto
0x800479fc	0xa4	auto
0x80047aa0	0x34	auto
0x80047ad4	0x8c	auto
0x80047b60	0x2c	auto
0x80047b8c	0x1d0	auto
0x80047d5c	0xb0	auto
0x80047e0c	0x6c	auto
0x80047e78	0x158	txn
0x80047fd0	0x78	txn
0x80048048	0xa8	auto
0x800480f0	0xb8	txn
0x800481a8	0xa0	txn
0x80048248	0x2c	auto
0x80048274	0xc4	auto
0x80048338	0xd4	txn
0x8004840c	0xe4	auto
0x800484f0	0x2c8	auto
0x800487b8	0x328	auto
0x80048ae0	0x480	auto
0x80048f60	0x90	txn
0x80048ff0	0xbc	txn
0x8004916c	0xa0	txn
0x8004920c	0x40	txn
0x8004924c	0x30	txn
0x8004927c	0x210	txn
0x8004948c	0x210	txn
0x8004969c	0x264	txn
0x80049900	0x360	txn
0x80049c60	0xb0	auto
0x80049d10	0x9c	auto
0x80049dac	0x98	auto
0x80049e44	0x5c	txn
0x80049ea0	0x4c	txn
0x80049eec	0x38	txn
0x80049f24	0x58	txn
0x80049f7c	0x54	txn
0x80049fd0	0x80	txn
0x8004a050	0xa8	txn
0x8004a0f8	0x4c	auto
0x8004a144	0x50	auto
0x8004a194	0xac	auto
0x8004a240	0x84	auto
0x8004a2c4	0x34	auto
0x8004a2f8	0x34	txn
0x8004a32c	0x4c	auto
0x8004a378	0xec	auto
0x8004a4d4	0x14	auto
0x8004a4e8	0x14	auto
0x8004a4fc	0x58	auto
0x8004a554	0xbc	auto
0x8004a610	0x5c	auto
0x8004a66c	0x124	txn
0x8004a790	0xbc	auto
0x8004a84c	0x74	auto
0x8004a8c0	0xb0	txn
0x8004a970	0x34	auto
0x8004a9a4	0x40	auto
0x8004aa70	0x4c	auto
0x8004aabc	0x58	auto
0x8004ab14	0xa0	txn
0x8004abb4	0x54	txn
0x8004ac08	0x1c8	auto
0x8004add0	0x1f8	auto
0x8004afc8	0x2d0	auto
0x8004b298	0xc4	txn
0x8004b35c	0xcc	txn
0x8004b428	0x20	txn
0x8004b448	0x20	txn
0x8004b468	0x20	txn
0x8004b488	0x20	txn
0x8004b4a8	0x20	txn
0x8004b4c8	0x40	txn
0x8004b778	0x40	auto
0x8004b7b8	0x130	txn
0x8004b8e8	0x174	txn
0x8004ba5c	0x198	auto
0x8004bbf4	0x64	auto
0x8004bc58	0x370	txn
0x8004bfc8	0xec	auto
0x8004c0b4	0x628	txn
0x8004c6dc	0x284	txn
0x8004c960	0x504	auto
0x8004ce64	0x1c4	auto
0x8004d028	0x24c	auto
0x8004d274	0x2a8	auto
0x8004d51c	0x448	auto
0x8004d964	0x234	auto
0x8004db98	0x22c	auto
0x8004ddc4	0x230	auto
0x8004dff4	0xef0	auto
0x8004eee4	0x6c	auto
0x8004ef50	0x500	auto
0x8004f450	0x2c0	auto
0x8004f710	0x294	auto
0x8004f9a4	0x4f8	auto
0x8004fe9c	0x9c	auto
0x8004ff38	0xf8	auto
0x80050030	0x194	auto
0x800501c4	0x1d4	auto
0x80050398	0xbc	auto
0x80050454	0x134	auto
0x80050588	0x134	auto
0x800506bc	0x278	auto
0x80050934	0x94	auto
0x800509c8	0x78	auto
0x80050a90	0x200	auto
0x80050c90	0xf0	auto
0x80050d80	0x1d0	auto
0x80050f50	0x104	auto
0x80051054	0x36c	auto
0x800513c0	0x104	auto
0x800514c4	0x2f0	auto
0x800517b4	0xe8	txn
0x8005189c	0xfc	auto
0x80051998	0x1a4	auto
0x80051b3c	0x70	auto
0x80051bac	0x8c	auto
0x80051c38	0x48	auto
0x80051c80	0x54	auto
0x80051cd4	0x44	auto
0x80051d18	0x40	auto
0x80051d58	0x6c	auto
0x80051dc4	0xc4	auto
0x80051e88	0x104	auto
0x80051f8c	0x3d8	auto
0x80052364	0x88	auto
0x800523ec	0x90	auto
0x8005247c	0xd0	auto
0x8005254c	0xe8	txn
0x80052634	0x20	auto
0x8005265c	0x58	auto
0x800526b4	0x404	auto
0x80052ab8	0x7c	txn
0x80052b34	0x124	txn
0x80052c58	0x544	txn
0x8005319c	0x164	txn
0x80053300	0x348	txn
0x80053648	0x180	txn
0x800537c8	0x158	txn
0x80053920	0x1fc	txn
0x80053b1c	0x180	txn
0x80053c9c	0x114	txn
0x80053db0	0xfc	txn
0x80053eac	0x650	auto
0x800544fc	0x56c	auto
0x80054a68	0xf8	auto
0x80054b60	0xf8	auto
0x80054c58	0x8c0	auto
0x80055518	0x20c	auto
0x80055724	0x74	txn
0x80055798	0x15c	txn
0x800558f4	0x468	txn
0x80055d5c	0x1e4	txn
0x80055f40	0xf0	txn
0x80056030	0x8	txn
0x80056038	0x28	txn
0x80056060	0xc	txn
0x8005606c	0xf0	txn
0x8005615c	0x2b0	txn
0x8005640c	0x124	txn
0x80056530	0x1f4	txn
0x80056724	0x2f4	txn
0x80056a18	0x178	txn
0x80056b90	0xf0	txn
0x80056c80	0x17c	txn
0x80056dfc	0x104	txn
0x80056f00	0x278	auto
0x80057178	0x914	auto
0x80057a8c	0x4bc	auto
0x80057f48	0x8cc	auto
0x80058814	0x93c	txn
0x80059150	0x60	auto
0x8005920c	0x44	txn
0x80059250	0x44	txn
0x80059294	0x4f8	txn
0x8005978c	0x3c	txn
0x800597c8	0x118	txn
0x800598e0	0x3d4	txn
0x80059cb4	0x2fc	auto
0x80059fb0	0xcc	auto
0x8005a07c	0xc8	auto
0x8005a144	0x208	auto
0x8005a34c	0x30	auto
0x8005a37c	0x84	auto
0x8005a400	0x180	auto
0x8005a580	0x7a8	auto
0x8005ad28	0x134	auto
0x8005ae5c	0xc0	auto
0x8005af1c	0x238	auto
0x8005b154	0x55c	auto
0x8005b6b0	0x278	auto
0x8005b928	0x6a0	auto
0x8005bfc8	0x640	auto
0x8005cb10	0xd8	auto
0x8005cc04	0x224	auto
0x8005ce28	0x2a4	auto
0x8005d154	0x368	txn
0x8005d4bc	0x270	txn
0x8005d72c	0x204	auto
0x8005da50	0x290	auto
0x8005e160	0x7c	auto
0x8005e1dc	0x274	auto
0x8005e450	0xc8	auto
0x8005e518	0xa4	auto
0x8005e5bc	0xe8	txn
0x8005e6a4	0x134	auto
0x8005e7d8	0x6c	txn
0x8005e854	0xa4	auto
0x8005e8f8	0x48	auto
0x8005e940	0xf4	auto
0x8005ea34	0x80	auto
0x8005eab4	0x80	auto
0x8005eb34	0x14c	auto
0x8005ec80	0x34	auto
0x8005ecb4	0x18	txn
0x8005eccc	0x68	txn
0x8005ed34	0x6c	txn
0x8005eda0	0xb8	txn
0x8005ee58	0x40	txn
0x8005ee98	0x5c	txn
0x8005eef4	0x54	txn
0x8005ef48	0x44	txn
0x8005ef8c	0x58	txn
0x8005efe4	0x18	txn
0x8005effc	0x28	txn
0x8005f024	0x64	txn
0x8005f088	0x2c	txn
0x8005f0b4	0x138	txn
0x8005f1ec	0x168	txn
0x8005f354	0x5c	txn
0x8005f3b0	0x60	txn
0x8005f410	0x4c	txn
0x8005f45c	0x60	txn
0x8005f4bc	0x84	txn
0x8005f540	0x1d4	txn
0x8005f714	0xa4	txn
0x8005f7b8	0x6c	txn
0x8005f824	0x54	txn
0x8005f878	0x2cc	txn
0x8005fb44	0x18c	txn
0x8005fcd0	0x210	txn
0x8005fee0	0xd8	txn
0x8005ffb8	0x8	txn
0x8005ffc0	0x8c	auto
0x8006004c	0x414	txn
0x80060460	0x8c	txn
0x800604ec	0x8	txn
0x800604f4	0x44	txn
0x80060538	0x64	txn
0x8006059c	0x19c	txn
0x80060738	0x110	txn
0x80060848	0x120	txn
0x80060968	0xbc	txn
0x80060a24	0x8	txn
0x80060a2c	0x3ec	txn
0x80060e18	0x94	txn
0x80060eac	0x8	txn
0x80060eb4	0x3c	txn
0x80060ef0	0x3c	txn
0x80060f2c	0x90	txn
0x80060fbc	0x2c	txn
0x80060fe8	0x6c	txn
0x80061054	0x4c	txn
0x800610a0	0x4c	txn
0x800610ec	0x50	txn
0x8006113c	0x4c	txn
0x80061188	0x64	txn
0x800611ec	0x2c8	txn
0x800614b4	0x3c	txn
0x800614f0	0x6c	txn
0x8006155c	0x90	txn
0x800615ec	0x94	txn
0x80061680	0x118	txn
0x80061798	0x1b0	txn
0x80061948	0x13c	txn
0x80061a84	0x128	txn
0x80061bac	0x150	txn
0x80061cfc	0x18	txn
0x80061d14	0x2c0	txn
0x80061fd4	0x128	txn
0x800620fc	0x114	txn
0x80062210	0x114	txn
0x80062324	0x150	txn
0x80062474	0x1f8	txn
0x8006266c	0x128	txn
0x80062794	0x8c	txn
0x80062820	0x19c	txn
0x800629bc	0x104	txn
0x80062ac0	0x3c0	txn
0x80062e80	0x74	txn
0x80062ef4	0x14c	txn
0x80063040	0x44	txn
0x80063084	0xd4	txn
0x80063158	0x3c	txn
0x80063194	0x44	txn
0x800631d8	0x44	txn
0x8006321c	0x40	txn
0x8006325c	0x100	txn
0x8006335c	0x8c	txn
0x800633e8	0x80	txn
0x80063468	0xb4	txn
0x8006351c	0xcc	txn
0x800635e8	0x28	txn
0x80063610	0x44	txn
0x80063654	0xac	txn
0x80063700	0xd0	txn
0x800637d0	0x18	txn
0x800637e8	0x110	txn
0x800638f8	0x44	txn
0x8006393c	0x4c	txn
0x80063988	0x88	txn
0x80063a10	0x7c	txn
0x80063a8c	0x50	txn
0x80063adc	0x174	txn
0x80063c50	0x74	txn
0x80063cc4	0x38	auto
0x80063cfc	0x7c	auto
0x80063d78	0x340	auto
0x800640b8	0x180	auto
0x80064314	0x120	txn
0x80064434	0x2c	txn
0x80064460	0x6c	txn
0x800644cc	0x30	txn
0x800644fc	0x7c	txn
0x80064578	0x7c	txn
0x800645f4	0x30	txn
0x80064624	0x30	txn
0x80064654	0x64	txn
0x800646b8	0x284	txn
0x8006493c	0x5c	txn
0x80064998	0x10	auto
0x800649a8	0xb8	txn
0x80064a60	0x54	auto
0x80064ab4	0xd4	auto
0x80064b88	0x28	txn
0x80064bb0	0x8	txn
0x80064bb8	0x214	txn
0x80064dcc	0x40	txn
0x80064e0c	0x1f8	txn
0x80065004	0x34	txn
0x80065038	0x2a4	txn
0x800652dc	0x168	txn
0x80065444	0x48	txn
0x8006548c	0x6c	txn
0x800654f8	0x814	auto
0x80065d0c	0x1b4	auto
0x80065ec8	0x34	auto
0x80065efc	0x28	auto
0x80065f24	0x1c	auto
0x80065f40	0x8	txn
0x80065f48	0xc4	auto
0x8006600c	0x3c	txn
0x80066048	0x14	txn
0x8006605c	0x8	txn
0x80066064	0x8	txn
0x8006606c	0x8	txn
0x80066074	0x3c	txn
0x800660b0	0xe0	txn
0x80066190	0x30	txn
0x800661c0	0x3c	txn
0x800661fc	0xbc	auto
0x800662b8	0x134	txn
0x800663ec	0x130	txn
0x8006651c	0x1ac	txn
0x800666c8	0xf0	txn
0x800667b8	0xd0	txn
0x80066888	0x204	txn
0x80066a8c	0xf4	auto
0x80066b80	0xa0	auto
0x80066c20	0x54	txn
0x80066c74	0x1ac	txn
0x80066f78	0x98	txn
0x80067010	0xb3c	auto
0x80067f2c	0x450	auto
0x8006837c	0x678	auto
0x800689f4	0x2ac	auto
0x80068ca0	0x800	auto
0x800694a0	0x3f0	auto
0x80069890	0x118	auto
0x800699a8	0x258	auto
0x80069c00	0x108c	auto
0x8006ac8c	0x310	auto
0x8006af9c	0x31c	auto
0x8006b2b8	0x50	auto
0x8006b308	0x36c	auto
0x8006b674	0x2c4	auto
0x8006b938	0x190	auto
0x8006bac8	0xe0	auto
0x8006bba8	0x144	auto
0x8006bcec	0x94	txn
0x8006bd80	0x558	auto
0x8006c2d8	0x17c	auto
0x8006c454	0xe4	auto
0x8006c538	0x74	txn
0x8006c5ac	0x1e0	txn
0x8006c78c	0x390	txn
0x8006cb1c	0x214	txn
0x8006cd30	0xac4	txn
0x8006dabc	0x224	auto
0x8006dce0	0x220	txn
0x8006df00	0x4ac	txn
0x8006e3ac	0x8	auto
0x8006e3b4	0x3c	txn
0x8006e3f0	0x60	txn
0x8006e450	0xc4	auto
0x8006e514	0x20	auto
0x8006e534	0xe8	auto
0x8006e61c	0x70	auto
0x8006e694	0xd4	auto
0x8006e768	0x1ac	auto
0x8006e914	0x110	auto
0x8006ea24	0x94	auto
0x8006eab8	0x1c	auto
0x8006ead4	0xac	auto
0x8006eb80	0x10	auto
0x8006eb90	0xa8	auto
0x8006ec38	0x1e8	auto
0x8006ee20	0x88	auto
0x8006eea8	0x10	auto
0x8006eeb8	0x70	auto
0x8006ef28	0x14	auto
0x8006ef3c	0x64	auto
0x8006efa0	0x3c	auto
0x8006efdc	0x8	auto
0x8006efe4	0x9c	auto
0x8006f080	0x8	auto
0x8006f088	0x34	auto
0x8006f0bc	0x8	auto
0x8006f0c4	0x4c	auto
0x8006f110	0xc	auto
0x8006f11c	0x28	auto
0x8006f144	0x28	auto
0x8006f16c	0x40	auto
0x8006f1ac	0x1c	auto
0x8006f1d4	0x24	auto
0x8006f204	0x24	auto
0x8006f234	0x130	auto
0x8006f364	0x10	auto
0x8006f434	0x14	auto
0x8006f4d8	0x8	auto
0x8006f4e0	0x8	auto
0x8006f4e8	0x8	auto
0x8006f4f4	0xcc	auto
0x8006f5c0	0x4	auto
0x8006f5c4	0x18	auto
0x8006f5e4	0x2c	auto
0x8006f610	0x4c	auto
0x8006f65c	0x8	auto
0x8006f664	0x38	auto
0x8006f69c	0x4c	auto
0x8006f6e8	0x8	auto
0x8006f6f4	0x158	auto
0x8006f84c	0x10	auto
0x8006f85c	0x1b4	auto
0x8006fa10	0xe4	auto
0x8006faf4	0x24	auto
0x8006fb18	0x80	auto
0x8006fb98	0x30	auto
0x8006fbd4	0x4d0	auto
0x800700a4	0x3c	auto
0x800700e0	0x10	auto
0x800700f4	0x24	auto
0x80070124	0x9c	auto
0x800701c0	0xd4	auto
0x80070294	0x24	auto
0x800702c4	0x1ac	auto
0x80070470	0x8	auto
0x80070478	0x8	auto
0x80070484	0x4c	auto
0x800704d0	0x10	auto
0x800704e4	0x1c	auto
0x80070500	0x14	auto
0x80070514	0x88	auto
0x800705a4	0x88	auto
0x8007062c	0x8	auto
0x80070634	0x14	auto
0x80070654	0x24	auto
0x80070684	0xb8	auto
0x8007073c	0x14	auto
0x80070750	0x8	auto
0x80070758	0x70	auto
0x800707c8	0x18	auto
0x800707e4	0x60	auto
0x80070844	0x1c	auto
0x80070864	0x54	auto
0x800708b8	0x1c	auto
0x800708d4	0x13c	auto
0x80070a10	0x8	auto
0x80070a18	0x8	auto
0x80070a20	0x8	auto
0x80070a28	0x8	auto
0x80070a30	0x8	auto
0x80070a38	0x8	auto
0x80070a40	0x4	auto
0x80070a44	0x30	auto
0x80070a74	0x7c	auto
0x80070af0	0x8	auto
0x80070af8	0x8	auto
0x80070b00	0x8	auto
0x80070b08	0x8	auto
0x80070b10	0x8	auto
0x80070b18	0x8	auto
0x80070b20	0x4	auto
0x80070b24	0x30	auto
0x80070b54	0x200	auto
0x80070d54	0x140	auto
0x80070e94	0x38	auto
0x80070ed4	0xc8	auto
0x80070f9c	0x8	auto
0x80070fa4	0x88	auto
0x8007102c	0x68	auto
0x80071094	0x40	auto
0x800710d4	0x58	auto
0x8007112c	0x8	auto
0x80071134	0x8	auto
0x8007113c	0x8	auto
0x80071144	0x8	auto
0x8007114c	0x8	auto
0x80071154	0x8	auto
0x8007115c	0x8	auto
0x80071164	0x8	auto
0x8007116c	0x80	auto
0x800711ec	0x8	auto
0x800711f4	0x8	auto
0x800711fc	0x8	auto
0x80071204	0x8	auto
0x8007120c	0x8	auto
0x80071214	0x8	auto
0x8007121c	0x8	auto
0x80071224	0x8	auto
0x8007122c	0x11c	auto
0x80071348	0x54	auto
0x8007139c	0x54	auto
0x800713f0	0x54	auto
0x80071444	0xc	auto
0x80071454	0x28	auto
0x80071484	0xa4	auto
0x80071528	0xc0	auto
0x800715e8	0x14	auto
0x800715fc	0x88	auto
0x80071684	0x10	auto
0x80071694	0x30	auto
0x800716c4	0x30	auto
0x800716f4	0x30	auto
0x80071724	0x34	auto
0x80071758	0x30	auto
0x80071788	0x30	auto
0x800717b8	0x30	auto
0x800717e8	0x10	auto
0x800717f8	0x18	auto
0x80071810	0x18	auto
0x80071828	0xd8	auto
0x80071900	0x1a4	auto
0x80071aa4	0x2c	auto
0x80071ad0	0xb0	auto
0x80071b80	0x98	auto
0x80071c18	0xa0	auto
0x80071cb8	0x68	auto
0x80071d20	0x10	auto
0x80071d30	0x24	auto
0x80071d54	0x58	auto
0x80071dac	0x6c	auto
0x80071e18	0x2c	auto
0x80071e44	0x24	auto
0x80071e74	0x4c	auto
0x80071ec0	0x180	auto
0x80072040	0xa4	auto
0x800720e4	0x8	auto
0x800720ec	0x24	auto
0x80072114	0x2c	auto
0x80072144	0x60	auto
0x800721a4	0x80	auto
0x80072224	0x84	auto
0x800722b4	0xac	auto
0x80072364	0x34	auto
0x800723a4	0xb8	auto
0x80072464	0x1c	auto
0x80072484	0x258	auto
0x800726dc	0x154	auto
0x80072830	0x1c	auto
0x80072bfc	0x9c	auto
0x80072c98	0x24	auto
0x80072d34	0x5c	auto
0x80072d90	0x10	auto
0x80072da0	0x2c	auto
0x80072dcc	0x7c	auto
0x80072e48	0x5c	auto
0x80072ea4	0xd0	auto
0x80072f74	0x8c	auto
0x80073000	0x48	auto
0x80073048	0x10	auto
0x80073064	0x80	auto
0x800730e4	0x64	auto
0x80073148	0x200	auto
0x80073348	0x100	auto
0x80073448	0x4c	auto
0x80073494	0x80	auto
0x80073514	0x80	auto
0x80073594	0x80	auto
0x80073634	0x14	auto
0x80073648	0x138	auto
0x80073780	0x30	auto
0x800737b0	0xe8	auto
0x80073898	0x30	auto
0x800738c8	0x138	auto
0x80073a00	0x30	auto
0x80073a30	0x130	auto
0x80073b60	0x30	auto
0x80073b90	0x2cc	auto
0x80073e5c	0x30	auto
0x80073e8c	0xe8	auto
0x80073f74	0x28	auto
0x80073f9c	0x88	auto
0x80074024	0xd4	auto
0x800740f8	0xf0	auto
0x800741e8	0x4c	auto
0x80074234	0x1d0	auto
0x80074404	0x10	auto
0x80074414	0x118	auto
0x8007452c	0x50	auto
0x8007457c	0xc	auto
0x80074588	0x34	auto
0x800745bc	0xa4	auto
0x80074664	0x104	auto
0x80074774	0x20	auto
0x80074794	0x14	auto
0x800747b4	0x24	auto
0x800747e4	0x30	auto
0x80074814	0xec	auto
0x80074900	0x60	auto
0x80074960	0x88	auto
0x800749e8	0xfc	auto
0x80074ae4	0xf4	auto
0x80074bd8	0x70	auto
0x80074c48	0x158	auto
0x80074da0	0x10	auto
0x80074db0	0xbc	auto
0x80074e6c	0x8c	auto
0x80074ef8	0x144	auto
0x8007503c	0x10c	auto
0x80075148	0xd0	auto
0x80075218	0xfc	auto
0x80075314	0xa8	auto
0x800753bc	0x34	auto
0x800753f0	0x104	auto
0x800754f4	0x70	auto
0x80075564	0x4c	auto
0x800755b0	0x54	auto
0x80075604	0xbc	auto
0x800756c0	0xa0	auto
0x80075760	0x4	auto
0x80075764	0x2c	auto
0x80075790	0x1bc	auto
0x8007594c	0x20	auto
0x8007596c	0x14	auto
0x80075980	0x78	auto
0x800759f8	0x1c	auto
0x80075a14	0x10	auto
0x80075a24	0xa4	auto
0x80075ac8	0x90	auto
0x80075b58	0x14	auto
0x80075b6c	0x30	auto
0x80075b9c	0x2c	auto
0x80075bd4	0xa0	auto
0x80075c74	0xe0	auto
0x80075d54	0x40	auto
0x80075d94	0x6c	auto
0x80075e00	0x10	auto
0x80075e10	0xc	auto
0x80075e1c	0xc	auto
0x80075e28	0xc	auto
0x80075e34	0xc	auto
0x80075e40	0x18	auto
0x80075e58	0x10	auto
0x80075e68	0x10	auto
0x80075e78	0xc	auto
0x80075e84	0x10	auto
0x80075e94	0x10	auto
0x80075ea4	0x10	auto
0x80075eb4	0x10	auto
0x80075ec4	0x40	auto
0x80075f04	0x4c	auto
0x80075f50	0x3c	auto
0x80075f8c	0x98	auto
0x80076024	0x50	auto
0x80076074	0x50	auto
0x800760c4	0x18	auto
0x800760dc	0x200	auto
0x800762dc	0x8	auto
0x800762f0	0x8	auto
0x800762f8	0x8	auto
0x80076300	0x8	auto
0x80076308	0x94	auto
0x8007639c	0x10	auto
0x800763ac	0x58	auto
0x80076404	0x30	auto
0x80076434	0xd4	auto
0x80076508	0x8	auto
0x80076510	0x34	auto
0x80076544	0x78	auto
0x800765bc	0x14	auto
0x800765f4	0x18	auto
0x8007663c	0x28	auto
0x80076664	0x14	auto
0x80076678	0x14	auto
0x8007668c	0x1c	auto
0x800766d8	0x4	auto
0x800766dc	0x4c	auto
0x80076728	0x224	auto
0x8007694c	0x10	auto
0x800769a0	0x10	auto
0x800769b0	0xdc	auto
0x80076a8c	0x10	auto
0x80076a9c	0x94	auto
0x80076b30	0x54	auto
0x80076b84	0x5c	auto
0x80076be0	0x78	auto
0x80076c58	0x10	auto
0x80076c68	0x10	auto
0x80076c78	0x40	auto
0x80076cb8	0x8	auto
0x80076cc0	0x40	auto
0x80076d00	0x8	auto
0x80076d14	0x20	auto
0x80076d34	0xa4	auto
0x80076dd8	0x6c	auto
0x80076e44	0x20	auto
0x80076e64	0x34	auto
0x80076e98	0x148	auto
0x80076fe0	0x18	auto
0x80076ff8	0x18	auto
0x80077010	0xd4	auto
0x800770e4	0x50	auto
0x80077134	0x20	auto
0x80077154	0x14	auto
0x80077168	0x20	auto
0x80077188	0x5c	auto
0x800771e4	0x40	auto
0x80077224	0x1c	auto
0x80077244	0x44	auto
0x80077288	0x5c	auto
0x80077300	0x18	auto
0x80077318	0x20	auto
0x80077344	0x110	auto
0x80077454	0x19c	auto
0x800775f0	0xc	auto
0x800775fc	0x28	auto
0x80077624	0x20	auto
0x80077644	0x29c	auto
0x800778e0	0x28	auto
0x80077908	0x84	auto
0x8007798c	0x20	auto
0x800779ac	0x174	auto
0x80077b20	0x1c	auto
0x80077b3c	0xe4	auto
0x80077c20	0x28	auto
0x80077c48	0x5c	auto
0x80077ca4	0x70	auto
0x80077d14	0x14	auto
0x80077d28	0x64	auto
0x80077d8c	0x14	auto
0x80077da0	0x11c	auto
0x80077ebc	0x1c	auto
0x80077fa0	0xb8	auto
0x80078058	0x8	auto
0x80078060	0x1c	auto
0x8007807c	0xa0	auto
0x8007811c	0x18	auto
0x80078134	0x78	auto
0x800781ac	0x30	auto
0x800781dc	0x10	auto
0x800781ec	0x50	auto
0x80078244	0x24	auto
0x80078274	0x24	auto
0x800782a4	0x20	auto
0x800782c4	0x20	auto
0x800782e4	0x38	auto
0x80078324	0x4c	auto
0x80078374	0x20	auto
0x80078394	0x100	auto
0x80078494	0x20	auto
0x800784b4	0xec	auto
0x800785a4	0x104	auto
0x800786b4	0x80	auto
0x80078734	0x14	auto
0x80078754	0x44	auto
0x80078798	0x10	auto
0x800787b4	0x14	auto
0x800787d4	0x14	auto
0x800787f4	0x14	auto
0x80078814	0x24	auto
0x80078844	0x2c	auto
0x80078870	0x10	auto
0x80078880	0x88	auto
0x80078908	0x8	auto
0x80078914	0x98	auto
0x800789ac	0x8	auto
0x800789b4	0x78	auto
0x80078a2c	0x18	auto
0x80078a68	0x10	auto
0x80078a84	0xac	auto
0x80078b30	0x70	auto
0x80078ba4	0x90	auto
0x80078c34	0x10	auto
0x80078c44	0x128	auto
0x80078d6c	0x10	auto
0x80078d8c	0x80	auto
0x80078e14	0x84	auto
0x80078ea4	0x8c	auto
0x80078f30	0x14	auto
0x80078f44	0x30	auto
0x80078f74	0x30	auto
0x80078fa4	0xc0	auto
0x80079064	0xe8	auto
0x80079154	0x94	auto
0x800791f4	0x10c	auto
0x80079304	0x160	auto
0x80079464	0x138	auto
0x800795a4	0x10c	auto
0x800796b4	0x50	auto
0x80079704	0x5c	auto
0x80079764	0x138	auto
0x800798a4	0x30	auto
0x800798d4	0x20	auto
0x800798f4	0xc	txn
0x80079904	0x20	auto
0x80079924	0x18	auto
0x80079944	0xc	auto
0x80079954	0x2c	auto
0x80079984	0x54	auto
0x800799e4	0x78	auto
0x80079a64	0x40	auto
0x80079aa4	0x64	auto
0x80079b08	0x68	auto
0x80079b70	0x94	auto
0x80079c04	0x12c	auto
0x80079d34	0x68	auto
0x80079d9c	0x64	auto
0x80079e00	0x94	auto
0x80079e94	0x12c	auto
0x80079fc4	0x64	auto
0x8007a028	0x68	auto
0x8007a090	0x94	auto
0x8007a124	0x12c	auto
0x8007a254	0x64	auto
0x8007a2b8	0x134	auto
0x8007a3f4	0x64	auto
0x8007a458	0x134	auto
0x8007a594	0x64	auto
0x8007a5f8	0x64	auto
0x8007a65c	0x94	auto
0x8007a6f0	0x12c	auto
0x8007a824	0x210	auto
0x8007aa34	0x1fc	auto
0x8007ac34	0xb4	auto
0x8007ace8	0x14	auto
0x8007ad70	0x14	auto
0x8007ad84	0x24	auto
0x8007adb4	0xac	auto
0x8007ae90	0x4	auto
0x8007ae94	0x88	auto
0x8007af24	0x7c	auto
0x8007afa4	0x58	auto
0x8007b004	0x110	auto
0x8007b114	0x50	auto
0x8007b164	0x14	auto
0x8007b178	0x5c	auto
0x8007b1d4	0xa4	auto
0x8007b278	0x10	auto
0x8007b288	0x60	auto
0x8007b2e8	0x98	auto
0x8007b380	0x68	auto
0x8007b3e8	0xd0	auto
0x8007b4b8	0x3c	auto
0x8007b4f4	0x10	auto
0x8007b504	0x90	auto
0x8007b594	0x98	auto
0x8007b62c	0x60	auto
0x8007b68c	0x60	auto
0x8007b6ec	0xa0	auto
0x8007b78c	0x18	auto
0x8007b7a4	0xc8	auto
0x8007b86c	0xac	auto
0x8007b918	0x5c	auto
0x8007b974	0x70	auto
0x8007b9e4	0xc0	auto
0x8007baa4	0xd8	auto
0x8007bb7c	0x34	auto
0x8007bbb0	0x1a0	auto
0x8007bd50	0x218	auto
0x8007bf68	0x1c	auto
0x8007bff8	0x18	auto
0x8007c010	0x98	auto
0x8007c0a8	0x34	auto
0x8007c0dc	0x30	auto
0x8007c10c	0x80	auto
0x8007c18c	0x40	auto
0x8007c1cc	0x15c	auto
0x8007c328	0x9c	auto
0x8007c3c4	0x15c	auto
0x8007c520	0xf8	auto
0x8007c618	0x1c	auto
0x8007c634	0x20	auto
0x8007c654	0x7c	auto
0x8007c6d0	0x1c	auto
0x8007c6ec	0x7c	auto
0x8007c768	0x1c	auto
0x8007c784	0x1c	auto
0x8007c7a0	0x78	auto
0x8007c818	0x8	auto
0x8007c820	0x18	auto
0x8007c838	0xe0	auto
0x8007c918	0x58	auto
0x8007c970	0x40	auto
0x8007c9b0	0x170	auto
0x8007cb20	0x28	auto
0x8007cb48	0x68	auto
0x8007cbb0	0x3c	auto
0x8007cbec	0x174	auto
0x8007cd60	0x24	auto
0x8007cd84	0x60	auto
0x8007cde4	0x3c	auto
0x8007ce20	0x1c4	auto
0x8007cfe4	0x20	auto
0x8007d004	0x14	auto
0x8007d018	0x8	auto
0x8007d020	0x40	auto
0x8007d060	0x48	auto
0x8007d0a8	0x30	auto
0x8007d0d8	0x24	auto
0x8007d0fc	0x4c	auto
0x8007d148	0x100	auto
0x8007d248	0x94	auto
0x8007d300	0x90	auto
0x8007d390	0x1c	auto
0x8007d3ac	0x260	auto
0x8007d60c	0x108	auto
0x8007d714	0x34	auto
0x8007d748	0x20	auto
0x8007d768	0x18	auto
0x8007d780	0x7c	auto
0x8007d874	0x10	auto
0x8007d884	0x34	auto
0x8007d8b8	0x134	auto
0x8007d9ec	0x10	auto
0x8007d9fc	0x98	auto
0x8007da94	0x8	auto
0x8007da9c	0x7c	auto
0x8007db18	0x70	auto
0x8007db88	0x7c	auto
0x8007dc04	0x70	auto
0x8007dc74	0x84	auto
0x8007dcf8	0xa8	auto
0x8007dda0	0x18	auto
0x8007ddb8	0x90	auto
0x8007de48	0x6c	auto
0x8007deb4	0x28	auto
0x8007dedc	0x24	auto
0x8007df18	0x10	auto
0x8007df34	0x78	auto
0x8007dfac	0x3c	auto
0x8007dff4	0x3c	auto
0x8007e034	0x3c	auto
0x8007e074	0x3c	auto
0x8007e0b4	0x3c	auto
0x8007e0f4	0x14	auto
0x8007e114	0x14	auto
0x8007e134	0x60	auto
0x8007e194	0x8c	auto
0x8007e220	0x8	auto
0x8007e234	0x30	auto
0x8007e264	0x20	txn
0x8007e284	0xc	auto
0x8007e294	0x90	auto
0x8007e324	0x48	auto
0x8007e36c	0x28	auto
0x8007e394	0xc	auto
0x8007e3a4	0xc	auto
0x8007e3b4	0xc	auto
0x8007e3c4	0x44	auto
0x8007e4a0	0x94	auto
0x8007e534	0x70	auto
0x8007e5a4	0x34	auto
0x8007e5e4	0x70	auto
0x8007e664	0x28	auto
0x8007e68c	0x28	auto
0x8007e6b4	0xc	auto
0x8007e6c0	0x70	auto
0x8007e730	0x40	auto
0x8007e770	0x58	auto
0x8007e7c8	0x10	auto
0x8007e7d8	0x21c	auto
0x8007e9f4	0x1c	auto
0x8007ea6c	0x3c	auto
0x8007eac8	0xc	auto
0x8007ead4	0x4	auto
0x8007ead8	0x1c	auto
0x8007eaf4	0x58	auto
0x8007eb4c	0x10	auto
0x8007eb5c	0x40	auto
0x8007eb9c	0x38	auto
0x8007ebd4	0x14	auto
0x8007ebe8	0x78	auto
0x8007ec60	0x20	auto
0x8007ec80	0x24	auto
0x8007eca4	0xd8	auto
0x8007ed7c	0x28	auto
0x8007eda4	0x44	auto
0x8007ede8	0x4	auto
0x8007edec	0x4	auto
0x8007edf0	0x14	auto
0x8007ee04	0xe4	auto
0x8007eee8	0x80	auto
0x8007ef68	0x24	auto
0x8007ef8c	0x44	auto
0x8007efd0	0x9c	auto
0x8007f06c	0xc	auto
0x8007f078	0x10	auto
0x8007f088	0x198	auto
0x8007f220	0x4	auto
0x8007f224	0x14	auto
0x8007f238	0x9c	auto
0x8007f2d4	0xc	auto
0x8007f2e0	0x10	auto
0x8007f2f0	0x194	auto
0x8007f484	0x4	auto
0x8007f488	0x14	auto
0x8007f49c	0xe4	auto
0x8007f580	0xc	auto
0x8007f58c	0x28	auto
0x8007f5b4	0xf0	auto
0x8007f6a4	0x4	auto
0x8007f6a8	0x14	auto
0x8007f6bc	0xe4	auto
0x8007f7a0	0xc	auto
0x8007f7ac	0x28	auto
0x8007f7d4	0xf0	auto
0x8007f8c4	0x4	auto
0x8007f8c8	0x14	auto
0x8007f8dc	0x164	auto
0x8007fa40	0x28	auto
0x8007fb08	0x30	auto
0x8007fb38	0x14	auto
0x8007fb4c	0x114	auto
0x8007fc60	0x8	auto
0x8007fc68	0xe0	auto
0x8007fd48	0x1c	auto
0x8007fd64	0x64	auto
0x8007fdc8	0x10	auto
0x8007fdd8	0x4c	auto
0x8007fe24	0x8	auto
0x8007fe2c	0xac	auto
0x8007fed8	0x5c	auto
0x8007ff34	0xc	auto
0x8007ff44	0xc	auto
0x8007ff54	0x34	auto
0x8007ff94	0xc	auto
0x8007ffa4	0xc	auto
0x8007ffb4	0x10	auto
0x8007ffc4	0x6c	auto
0x80080030	0x10	auto
0x80080040	0x6c	auto
0x800800ac	0x10	auto
0x800800c4	0x14	auto
0x800800d8	0x14	auto
0x800800ec	0x14	auto
0x80080100	0x14	auto
0x80080114	0x14	auto
0x80080128	0x14	auto
0x8008013c	0x14	auto
0x80080150	0x14	auto
0x80080164	0x30	auto
0x80080194	0x1dc	auto
0x80080370	0x20	auto
0x80080390	0xb4	auto
0x80080444	0x108	auto
0x8008054c	0xd8	auto
0x80080624	0xd8	auto
0x800806fc	0x3c	auto
0x80080738	0x3c	auto
0x80080774	0x3d0	auto
0x80080b44	0x47c	auto
0x80080fc0	0x54	auto
0x80081014	0x1b4	auto
0x800811c8	0x30	auto
0x80081204	0xc	auto
0x80081214	0xc	auto
0x80081224	0xc	auto
0x80081234	0xc	auto
0x8008124c	0xc	auto
0x80081264	0xc	auto
0x80081274	0xc	auto
0x80081284	0xc	auto
0x80081294	0xc	auto
0x800812a4	0xc	auto
0x800812b4	0xc	auto
0x800812c4	0xc	auto
0x800812d4	0xc	auto
0x800812e4	0xc	auto
0x800812f4	0xc	auto
0x80081304	0xc	auto
0x80081314	0xc	auto
0x80081324	0x10	auto
0x80081334	0x10	auto
0x80081344	0xc	auto
0x80081354	0xc	auto
0x80081364	0xc	auto
0x80081374	0xc	auto
0x80081384	0xc	auto
0x80081394	0xc	auto
0x800813a4	0xc	auto
0x800813b4	0xc	auto
0x800813c4	0xc	auto
0x800813d4	0x74	auto
0x80081448	0x20	auto
0x80081468	0x8	auto
0x80081470	0x30	auto
0x800814a0	0x8	auto
0x800814a8	0x30	auto
0x800814d8	0x34	auto
0x8008150c	0x2c	auto
0x80081538	0x8	auto
0x80081544	0xd0	auto
0x80081614	0xa4	auto
0x800816b8	0xc	auto
0x800816c4	0x1c	auto
0x800816e0	0xc0	auto
0x800817a0	0x40	auto
0x800817e4	0xc	auto
0x800817f4	0xc	auto
0x80081800	0x10	auto
0x80081810	0x90	auto
0x800818a0	0x90	auto
0x80081930	0x30	auto
0x80081960	0x78	auto
0x800819d8	0x68	auto
0x80081a40	0x40	auto
0x80081a84	0xc	auto
0x80081a94	0xc	auto
0x80081aa4	0xc	auto
0x80081ab4	0xc	auto
0x80081ac4	0xc	auto
0x80081ad4	0x14	auto
0x80081ae8	0x14	auto
0x80081afc	0x70	auto
0x80081b74	0x68	auto
0x80081be4	0xc	auto
0x80081bfc	0xc	auto
0x80081c14	0xc	auto
0x80081c24	0xc	auto
0x80081c34	0xc	auto
0x80081c44	0xc	auto
0x80081c54	0xc	auto
0x80081c64	0xc	auto
0x80081c74	0xc	auto
0x80081c84	0xc	auto
0x80081c94	0xc	auto
0x80081ca4	0xc	auto
0x80081cb4	0xc	auto
0x80081cc4	0xc	auto
0x80081cd4	0x94	auto
0x80081d68	0x12c	auto
0x80081e94	0x9c	auto
0x80081f30	0x44	auto
0x80081f74	0x24	auto
0x80081f98	0xc	auto
0x80081fa4	0xc	auto
0x80081fb0	0xc	auto
0x80081fbc	0x20	auto
0x80081fdc	0x58	auto
0x80082034	0x34	auto
0x80082068	0xec	auto
0x80082154	0x100	auto
0x80082254	0x14	auto
0x80082268	0xc	auto
0x80082274	0x8	auto
0x8008227c	0x100	auto
0x8008237c	0x20	auto
0x8008239c	0x8c	auto
0x80082428	0x34	auto
0x8008245c	0x18	auto
0x80082474	0x8c	auto
0x80082500	0x58	auto
0x80082564	0xc	auto
0x80082574	0x64	auto
0x800825d8	0x8	auto
0x800825e4	0x124	auto
0x80082708	0x2c	auto
0x80082734	0x3c	auto
0x80082774	0x40	auto
0x800827b4	0x7c	auto
0x80082830	0x28	auto
0x80082858	0x94	auto
0x800828ec	0x34	auto
0x80082924	0xb8	auto
0x800829dc	0x4	auto
0x800829e0	0x10	auto
0x800829f4	0xe4	auto
0x80082ad8	0x14	auto
0x80082af4	0xcc	auto
0x80082bc0	0x44	auto
0x80082c04	0xb0	auto
0x80082cb4	0xf0	auto
0x80082da4	0x68	auto
0x80082e0c	0x74	auto
0x80082e80	0x5c	auto
0x80082edc	0x24	auto
0x80082f00	0x10	auto
0x80082f10	0x64	auto
0x80082f74	0xc	auto
0x80082fa0	0x24	auto
0x80082fc4	0x8	auto
0x80082fcc	0xd4	auto
0x800830a0	0x4c	auto
0x800830ec	0x58	auto
0x80083238	0x10	auto
0x80083248	0x20	auto
0x80083268	0xd4	auto
0x8008333c	0x2c	auto
0x80083368	0x10	auto
0x80083378	0xe8	auto
0x80083460	0x128	auto
0x80083588	0xc	auto
0x8008359c	0x28	auto
0x800835c4	0x10	auto
0x800835d4	0x10	auto
0x800835e4	0xd0	auto
0x800836b4	0x10	auto
0x800836c4	0x2c	auto
0x800836f4	0x68	auto
0x8008375c	0x180	auto
0x800838dc	0x10	auto
0x800838ec	0x20c	auto
0x80083af8	0x7c	auto
0x80083b74	0x64	auto
0x80083c0c	0x14	auto
0x80083c20	0xe0	auto
0x80083d00	0x10	auto
0x80083d10	0x208	auto
0x80083f18	0x1c	auto
0x80083f34	0xbc	auto
0x80083ff0	0x8c	auto
0x8008407c	0x118	auto
0x80084194	0x1c	auto
0x800841b0	0x90	auto
0x80084240	0x28	auto
0x80084268	0x10	auto
0x80084278	0x74	auto
0x800842ec	0x10	auto
0x800842fc	0xc0	auto
0x800843bc	0x4c	auto
0x80084454	0x8	auto
0x80084558	0x4	auto
0x8008455c	0x10	auto
0x8008456c	0x38	auto
0x800845a4	0xc0	auto
0x80084664	0x14	auto
0x80084678	0x98	auto
0x80084710	0x10	auto
0x80084720	0xb4	auto
0x800847d4	0x8	auto
0x800848b8	0xac	auto
0x800849e0	0x18	auto
0x80084a04	0x108	auto
0x80084b0c	0x4	auto
0x80084b10	0x8	auto
0x80084b18	0x20	auto
0x80084b38	0x14	auto
0x80084b4c	0x20	auto
0x80084b6c	0x20	auto
0x80084b8c	0x20	auto
0x80084bac	0x14	auto
0x80084bc0	0x20	auto
0x80084be0	0x48	auto
0x80084c28	0x4c	auto
0x80084c74	0xc	auto
0x80084c80	0x48	auto
0x80084cc8	0xc0	auto
0x80084d88	0x18	auto
0x80084da0	0xac	auto
0x80084e4c	0x11c	auto
0x80084f68	0x320	auto
0x80085288	0x3c	auto
0x800852c4	0x8	auto
0x800852cc	0x268	auto
0x80085534	0x28	auto
0x80085564	0x34	auto
0x80085598	0x8c	auto
0x80085624	0x98	auto
0x800856bc	0x30	auto
0x800856ec	0x2c	auto
0x80085718	0x20	auto
0x80085738	0x20	auto
0x80085758	0x2c	auto
0x80085784	0x10	auto
0x80085794	0x38	auto
0x800857cc	0x10	auto
0x800857dc	0x24	auto
0x80085800	0x24	auto
0x80085824	0xd4	auto
0x800858f8	0xc	auto
0x80085904	0x10	auto
0x80085914	0x90	auto
0x800859a4	0x8c	auto
0x80085a30	0x84	auto
0x80085ab4	0x10	auto
0x80085ac4	0x84	auto
0x80085b48	0x10	auto
0x80085b58	0x18	auto
0x80085b70	0x7c	auto
0x80085bf4	0x30	auto
0x80085c24	0x350	auto
0x80085fb0	0x14	txn
0x80087dec	0x4	txn
0x80087e00	0x4	txn
0x80087fd0	0x4	txn
0x80087fd8	0x10	txn
0x80088b48	0x4	txn
0x80088b50	0x20	txn
0x80088d40	0x10	txn
0x80088de8	0x10	txn
0x80088e98	0x4	txn
0x80088f28	0x4	txn
0x80088f70	0x4	txn
0x8008906c	0x4	txn
0x8008917c	0x4	txn
0x800892f8	0x4	txn
0x80089300	0x4	txn
0x800893e4	0x4	txn
0x800893f0	0x4	txn
0x800894d0	0x24	txn
0x80089b0c	0x8	txn
0x80089bf8	0x8	txn
0x80089c48	0x4	txn
0x80089d50	0xc	txn
0x8008a02c	0x8	txn
0x8008a074	0x4	txn
0x8008a0a4	0x4	txn
0x8008a0d4	0x4	txn
0x8008a3e0	0x14	txn
0x8008a470	0x4	txn
0x8008a53c	0xc	txn
0x8008a5c4	0x4	txn
0x8008a7f8	0x4	txn
0x8008a82c	0x4	txn
0x8008a854	0x4	txn
0x8008a89c	0x4	txn
0x8008a8a8	0x4	txn
0x8008a8b4	0x4	txn
0x8008a8bc	0x4	txn
0x8008af24	0x4	txn
0x8008af54	0x4	txn
0x8008af78	0x4	txn
0x8008afcc	0x4	txn
0x8008b118	0x4	txn
0x8008b440	0x8	txn
0x8008b880	0x4	txn
0x8008bc00	0x4	txn
0x8008bd74	0x4	txn
0x8008bff4	0x4	txn
0x8008c0f8	0x4	txn
0x8008c18c	0x4	txn
0x8008c1a4	0x4	txn
0x8008c218	0x4	txn
0x8008c284	0x4	txn
0x8008c324	0x4	txn
0x8008c3f0	0x4	txn
0x8008c660	0x4	txn
0x8008c968	0x4	txn
0x8008ca9c	0x4	txn
0x8008cad4	0x4	txn
0x8008cd3c	0x8	txn
0x8008ce70	0x4	txn
0x8008ceec	0x14	txn
0x8008cfbc	0x4	txn
0x8008d054	0x4	txn
0x8008d79c	0x4	txn
0x8008d898	0x8	txn
0x8008da0c	0x4	txn
0x8008dcc8	0x4	txn
0x8008ddec	0x8	txn
0x8008de3c	0x4	txn
0x8008de78	0x4	txn
0x8008dfb0	0x4	txn
0x8008e0ec	0x4	txn
0x8008e180	0x4	txn
0x8008e208	0x4	txn
0x8008e22c	0x4	txn
0x8008e258	0x4	txn
0x8008e344	0x4	txn
0x8008e380	0x4	txn
0x8008e3bc	0x4	txn
0x8008e400	0x4	txn
0x8008e43c	0x4	txn
0x8008e4c4	0x4	txn
0x8008e70c	0x4	txn
0x8008e770	0x4	txn
0x8008e784	0x4	txn
0x8008e798	0x4	txn
0x8008e7a4	0x4	txn
0x8008e7b0	0x4	txn
0x8008e7bc	0x4	txn
0x8008e8c4	0x4	txn
0x8008e8f0	0x4	txn
0x8008e954	0x4	txn
0x8008ebc4	0x4	txn
0x8008f198	0x4	txn
0x8008f224	0x4	txn
0x8008f454	0x4	txn
0x8008f514	0x4	txn
0x8008f610	0x8	txn
0x8008f798	0x4	txn
0x8008f9a0	0x44	txn
0x8008fda0	0x10	txn
0x8008fef0	0x44	txn
0x80090000	0x4	txn
0x80090250	0x4	txn
0x800909b0	0x44	txn
0x800911b0	0x44	txn
0x80091230	0x44	txn
0x800914cc	0x1c	txn
0x8009154c	0xc	txn
0x8009164c	0x38	txn
0x80091710	0xc	txn
0x800917b8	0x4	txn
0x800917fc	0x4	txn
0x8009187c	0x4	txn
0x800919b0	0x14	txn
0x80096510	0x10	txn
0x80096d80	0x44	txn
0x80096df0	0x20	txn
0x80096f28	0xc	txn
0x80096fe8	0x4	txn
0x80097030	0x4	txn
0x800970b4	0x4	txn
0x800971b0	0x44	txn
0x800a71b0	0x44	txn
