# config/boundaries.tsv -- generated by tools/boundaries.py from extracted/retail/files + config/loadmap.tsv + config/ghidra/SLUS_012.79.{switch_tables,psyq_objects}.tsv; do not hand-edit.
# rows = 481; end exclusive; see docs/memory-map.md#boundaries
# binary	kind	start	end	basis
BIN/E00.BIN	text-end	0x800d0000	0x800d573c	scan: last jr ra + delay slot
BIN/E00.BIN	jtbl	0x800d00fc	0x800d0110	jr=0x800d1b30 sltiu
BIN/E00.BIN	jtbl	0x800d0114	0x800d0148	jr=0x800d1e80 sltiu
BIN/E00.BIN	jtbl	0x800d014c	0x800d0160	jr=0x800d3a24 sltiu
BIN/E00.BIN	jtbl	0x800d0164	0x800d0178	jr=0x800d3d3c sltiu
BIN/E00.BIN	data-island	0x800d573c	0x800d5800	text-end..loadmap end
BIN/E10.BIN	text-end	0x800d0000	0x800d4178	scan: last jr ra + delay slot
BIN/E10.BIN	jtbl	0x800d00a4	0x800d00d0	jr=0x800d2c60 sltiu
BIN/E10.BIN	data-island	0x800d4178	0x800d433c	text-end..loadmap end
BIN/E20.BIN	text-end	0x800d0000	0x800d3414	scan: last jr ra + delay slot
BIN/E20.BIN	jtbl	0x800d0004	0x800d0018	jr=0x800d1a00 sltiu
BIN/E20.BIN	jtbl	0x800d001c	0x800d0038	jr=0x800d1fa0 sltiu
BIN/E20.BIN	jtbl	0x800d0054	0x800d0068	jr=0x800d2ec8 sltiu
BIN/E20.BIN	data-island	0x800d3414	0x800d34d0	text-end..loadmap end
BIN/E30.BIN	text-end	0x800d0000	0x800d1ee8	scan: last jr ra + delay slot
BIN/E30.BIN	data-island	0x800d1ee8	0x800d1fc8	text-end..loadmap end
BIN/E31.BIN	text-end	0x800d0000	0x800d34b8	scan: last jr ra + delay slot
BIN/E31.BIN	jtbl	0x800d004c	0x800d0060	jr=0x800d1a5c sltiu
BIN/E31.BIN	jtbl	0x800d00a4	0x800d00b8	jr=0x800d3104 sltiu
BIN/E31.BIN	data-island	0x800d34b8	0x800d35f0	text-end..loadmap end
BIN/E32.BIN	text-end	0x800d0000	0x800d49f8	scan: last jr ra + delay slot
BIN/E32.BIN	jtbl	0x800d005c	0x800d0070	jr=0x800d2378 sltiu
BIN/E32.BIN	jtbl	0x800d0074	0x800d0088	jr=0x800d4554 sltiu
BIN/E32.BIN	data-island	0x800d49f8	0x800d4bec	text-end..loadmap end
BIN/E40.BIN	text-end	0x800d0000	0x800d4a48	scan: last jr ra + delay slot
BIN/E40.BIN	jtbl	0x800d0004	0x800d0040	jr=0x800d0194 sltiu
BIN/E40.BIN	jtbl	0x800d00ac	0x800d00d0	jr=0x800d4268 sltiu
BIN/E40.BIN	data-island	0x800d4a48	0x800d4c30	text-end..loadmap end
BIN/E50.BIN	text-end	0x800d0000	0x800d33d8	scan: last jr ra + delay slot
BIN/E50.BIN	jtbl	0x800d002c	0x800d0040	jr=0x800d15fc sltiu
BIN/E50.BIN	jtbl	0x800d004c	0x800d0090	jr=0x800d21e0 sltiu
BIN/E50.BIN	data-island	0x800d33d8	0x800d34ec	text-end..loadmap end
BIN/E60.BIN	text-end	0x800d0000	0x800d4aa0	scan: last jr ra + delay slot
BIN/E60.BIN	jtbl	0x800d0064	0x800d007c	jr=0x800d202c sltiu
BIN/E60.BIN	data-island	0x800d4aa0	0x800d4c04	text-end..loadmap end
BIN/E70.BIN	text-end	0x800d0000	0x800d331c	scan: last jr ra + delay slot
BIN/E70.BIN	jtbl	0x800d0004	0x800d0020	jr=0x800d0ca0 sltiu
BIN/E70.BIN	data-island	0x800d331c	0x800d33f0	text-end..loadmap end
BIN/E80.BIN	text-end	0x800d0000	0x800d3318	scan: last jr ra + delay slot
BIN/E80.BIN	jtbl	0x800d0014	0x800d0028	jr=0x800d1628 sltiu
BIN/E80.BIN	jtbl	0x800d002c	0x800d0040	jr=0x800d1c64 sltiu
BIN/E80.BIN	jtbl	0x800d0044	0x800d0058	jr=0x800d2c14 sltiu
BIN/E80.BIN	jtbl	0x800d005c	0x800d0070	jr=0x800d2e48 sltiu
BIN/E80.BIN	data-island	0x800d3318	0x800d3418	text-end..loadmap end
BIN/E90.BIN	text-end	0x800d0000	0x800d4868	scan: last jr ra + delay slot
BIN/E90.BIN	jtbl	0x800d002c	0x800d0040	jr=0x800d0eec sltiu
BIN/E90.BIN	jtbl	0x800d0044	0x800d0058	jr=0x800d11ec sltiu
BIN/E90.BIN	jtbl	0x800d005c	0x800d0070	jr=0x800d1538 sltiu
BIN/E90.BIN	jtbl	0x800d0074	0x800d0090	jr=0x800d2170 sltiu
BIN/E90.BIN	jtbl	0x800d0094	0x800d00a8	jr=0x800d2f68 sltiu
# rows 51..
BIN/E90.BIN	data-island	0x800d4868	0x800d4918	text-end..loadmap end
BIN/EA0.BIN	text-end	0x800d0000	0x800d049c	scan: last jr ra + delay slot
BIN/EA0.BIN	data-island	0x800d049c	0x800d050c	text-end..loadmap end
BIN/ENDING.BIN	text-end	0x800d5800	0x800d824c	scan: last jr ra + delay slot
BIN/ENDING.BIN	jtbl	0x800d587c	0x800d58a4	jr=0x800d637c sltiu
BIN/ENDING.BIN	data-island	0x800d824c	0x800d84ec	text-end..loadmap end
BIN/KOF_P00P.BIN	text-end	0x80128000	0x8012a4b0	scan: last jr ra + delay slot
BIN/KOF_P00P.BIN	jtbl	0x80128024	0x80128048	jr=0x8012a150 sltiu
BIN/KOF_P00P.BIN	data-island	0x8012a4b0	0x8012a57c	text-end..loadmap end
BIN/KOF_P01P.BIN	text-end	0x800d0000	0x800d24b0	scan: last jr ra + delay slot
BIN/KOF_P01P.BIN	jtbl	0x800d0024	0x800d0048	jr=0x800d2150 sltiu
BIN/KOF_P01P.BIN	data-island	0x800d24b0	0x800d257c	text-end..loadmap end
BIN/KOF_P10P.BIN	text-end	0x80128000	0x8012a798	scan: last jr ra + delay slot
BIN/KOF_P10P.BIN	jtbl	0x80128004	0x80128094	jr=0x801282d0 sltiu
BIN/KOF_P10P.BIN	data-island	0x8012a798	0x8012a996	text-end..loadmap end
BIN/KOF_P11P.BIN	text-end	0x800d0000	0x800d2798	scan: last jr ra + delay slot
BIN/KOF_P11P.BIN	jtbl	0x800d0004	0x800d0094	jr=0x800d02d0 sltiu
BIN/KOF_P11P.BIN	data-island	0x800d2798	0x800d2996	text-end..loadmap end
BIN/KOF_P50P.BIN	text-end	0x80128000	0x80129a60	scan: last jr ra + delay slot
BIN/KOF_P50P.BIN	data-island	0x80129a60	0x80129c0a	text-end..loadmap end
BIN/KOF_P51P.BIN	text-end	0x800d0000	0x800d1a60	scan: last jr ra + delay slot
BIN/KOF_P51P.BIN	data-island	0x800d1a60	0x800d1c0a	text-end..loadmap end
BIN/KOF_P60P.BIN	text-end	0x80128000	0x8012adf0	scan: last jr ra + delay slot
BIN/KOF_P60P.BIN	data-island	0x8012adf0	0x8012b02a	text-end..loadmap end
BIN/KOF_P61P.BIN	text-end	0x800d0000	0x800d2df0	scan: last jr ra + delay slot
BIN/KOF_P61P.BIN	data-island	0x800d2df0	0x800d302a	text-end..loadmap end
BIN/KOF_P70P.BIN	text-end	0x80128000	0x80129a14	scan: last jr ra + delay slot
BIN/KOF_P70P.BIN	data-island	0x80129a14	0x80129bca	text-end..loadmap end
BIN/KOF_P71P.BIN	text-end	0x800d0000	0x800d1a14	scan: last jr ra + delay slot
BIN/KOF_P71P.BIN	data-island	0x800d1a14	0x800d1bca	text-end..loadmap end
BIN/KOF_P90P.BIN	text-end	0x80128000	0x8012a238	scan: last jr ra + delay slot
BIN/KOF_P90P.BIN	data-island	0x8012a238	0x8012a2ec	text-end..loadmap end
BIN/KOF_P91P.BIN	text-end	0x800d0000	0x800d2238	scan: last jr ra + delay slot
BIN/KOF_P91P.BIN	data-island	0x800d2238	0x800d22ec	text-end..loadmap end
BIN/KOF_PA0P.BIN	text-end	0x80128000	0x801299c8	scan: last jr ra + delay slot
BIN/KOF_PA0P.BIN	data-island	0x801299c8	0x80129b4e	text-end..loadmap end
BIN/KOF_PA1P.BIN	text-end	0x800d0000	0x800d19c8	scan: last jr ra + delay slot
BIN/KOF_PA1P.BIN	data-island	0x800d19c8	0x800d1b4e	text-end..loadmap end
BIN/LOAD.BIN	text-end	0x801c1500	0x801c4bbc	scan: last jr ra + delay slot
BIN/LOAD.BIN	jtbl	0x801c1504	0x801c1518	jr=0x801c1958 sltiu
BIN/LOAD.BIN	jtbl	0x801c153c	0x801c1554	jr=0x801c1f2c sltiu
BIN/LOAD.BIN	jtbl	0x801c15a4	0x801c15b8	jr=0x801c44a4 sltiu
BIN/LOAD.BIN	jtbl	0x801c15bc	0x801c15d4	jr=0x801c4670 sltiu
BIN/LOAD.BIN	jtbl	0x801c15d4	0x801c15f0	jr=0x801c4768 sltiu
BIN/LOAD.BIN	data-island	0x801c4bbc	0x801c9034	text-end..loadmap end
BIN/M_RESULT.BIN	text-end	0x800d5800	0x800d7598	scan: last jr ra + delay slot
BIN/M_RESULT.BIN	data-island	0x800d7598	0x800d91e0	text-end..loadmap end
BIN/M_TITLE.BIN	text-end	0x800d5800	0x800d7a3c	scan: last jr ra + delay slot
BIN/M_TITLE.BIN	data-island	0x800d7a3c	0x800d7ba8	text-end..loadmap end
BIN/OPENING.BIN	text-end	0x800d5800	0x800d5e24	scan: last jr ra + delay slot
# rows 101..
BIN/OPENING.BIN	data-island	0x800d5e24	0x800d5e38	text-end..loadmap end
BIN/OPTION.BIN	text-end	0x801c1500	0x801c4858	scan: last jr ra + delay slot
BIN/OPTION.BIN	data-island	0x801c4858	0x801c4a38	text-end..loadmap end
BIN/RES00.BIN	text-end	0x80150000	0x8015179c	scan: last jr ra + delay slot
BIN/RES00.BIN	data-island	0x8015179c	0x801533d8	text-end..loadmap end
BIN/RES01.BIN	text-end	0x80150000	0x80150de4	scan: last jr ra + delay slot
BIN/RES01.BIN	data-island	0x80150de4	0x80152ab4	text-end..loadmap end
BIN/RES02.BIN	text-end	0x80150000	0x80150e3c	scan: last jr ra + delay slot
BIN/RES02.BIN	data-island	0x80150e3c	0x80154674	text-end..loadmap end
BIN/SAVE.BIN	text-end	0x801c1500	0x801ce328	scan: last jr ra + delay slot
BIN/SAVE.BIN	jtbl	0x801c1504	0x801c1518	jr=0x801c1a40 sltiu
BIN/SAVE.BIN	jtbl	0x801c153c	0x801c1554	jr=0x801c2014 sltiu
BIN/SAVE.BIN	jtbl	0x801c15a4	0x801c15c4	jr=0x801c4664 sltiu
BIN/SAVE.BIN	jtbl	0x801c15c4	0x801c15e4	jr=0x801c4718 sltiu
BIN/SAVE.BIN	jtbl	0x801c15e4	0x801c15fc	jr=0x801c4a78 sltiu
BIN/SAVE.BIN	jtbl	0x801c15fc	0x801c1614	jr=0x801c4b04 sltiu
BIN/SAVE.BIN	jtbl	0x801c1614	0x801c1630	jr=0x801c4cf4 sltiu
BIN/SAVE.BIN	jtbl	0x801c1634	0x801c1650	jr=0x801c5188 sltiu
BIN/SAVE.BIN	data-island	0x801ce328	0x801d306c	text-end..loadmap end
BIN/SUBSCR3.BIN	text-end	0x801c1500	0x801c3118	scan: last jr ra + delay slot
BIN/SUBSCR3.BIN	data-island	0x801c3118	0x801d1080	text-end..loadmap end
BIN/SUBSCR6.BIN	text-end	0x801c1500	0x801c6684	scan: last jr ra + delay slot
BIN/SUBSCR6.BIN	data-island	0x801c6684	0x801c66b0	text-end..loadmap end
BIN/TITLE2.BIN	text-end	0x800d5800	0x800d6700	scan: last jr ra + delay slot
BIN/TITLE2.BIN	jtbl	0x800d581c	0x800d5830	jr=0x800d5bf8 sltiu
BIN/TITLE2.BIN	data-island	0x800d6700	0x800d6788	text-end..loadmap end
BIN/WEP00.BIN	text-end	0x8017e500	0x8017fd48	scan: last jr ra + delay slot
BIN/WEP00.BIN	data-island	0x8017fd48	0x8017fd90	text-end..loadmap end
BIN/WEP01.BIN	text-end	0x8017e500	0x801806f8	scan: last jr ra + delay slot
BIN/WEP01.BIN	jtbl	0x8017e504	0x8017e520	jr=0x8017e8e0 sltiu
BIN/WEP01.BIN	data-island	0x801806f8	0x80180760	text-end..loadmap end
BIN/WEP02.BIN	text-end	0x8017e500	0x80180774	scan: last jr ra + delay slot
BIN/WEP02.BIN	jtbl	0x8017e504	0x8017e520	jr=0x8017e700 sltiu
BIN/WEP02.BIN	jtbl	0x8017e524	0x8017e540	jr=0x8017e928 sltiu
BIN/WEP02.BIN	data-island	0x80180774	0x801807dc	text-end..loadmap end
BIN/WEP03.BIN	text-end	0x8017e500	0x80180508	scan: last jr ra + delay slot
BIN/WEP03.BIN	jtbl	0x8017e504	0x8017e51c	jr=0x8017e794 sltiu
BIN/WEP03.BIN	data-island	0x80180508	0x80180568	text-end..loadmap end
BIN/WEP04.BIN	text-end	0x8017e500	0x801807c0	scan: last jr ra + delay slot
BIN/WEP04.BIN	data-island	0x801807c0	0x801808ec	text-end..loadmap end
BIN/WEP05.BIN	text-end	0x8017e500	0x801807e4	scan: last jr ra + delay slot
BIN/WEP05.BIN	jtbl	0x8017e504	0x8017e51c	jr=0x8017e6e8 sltiu
BIN/WEP05.BIN	data-island	0x801807e4	0x80180850	text-end..loadmap end
BIN/WEP06.BIN	text-end	0x8017e500	0x80180a54	scan: last jr ra + delay slot
BIN/WEP06.BIN	jtbl	0x8017e504	0x8017e520	jr=0x8017e6f0 sltiu
BIN/WEP06.BIN	jtbl	0x8017e524	0x8017e544	jr=0x8017e910 sltiu
BIN/WEP06.BIN	data-island	0x80180a54	0x80180ac5	text-end..loadmap end
BIN/WEP07.BIN	text-end	0x8017e500	0x80180a04	scan: last jr ra + delay slot
BIN/WEP07.BIN	jtbl	0x8017e504	0x8017e52c	jr=0x8017e758 sltiu
BIN/WEP07.BIN	jtbl	0x8017e52c	0x8017e55c	jr=0x8017ea98 sltiu
# rows 151..
BIN/WEP07.BIN	data-island	0x80180a04	0x80180ae4	text-end..loadmap end
BIN/WEP08.BIN	text-end	0x8017e500	0x801806a8	scan: last jr ra + delay slot
BIN/WEP08.BIN	jtbl	0x8017e504	0x8017e528	jr=0x8017e770 sltiu
BIN/WEP08.BIN	data-island	0x801806a8	0x80180720	text-end..loadmap end
BIN/WEP09.BIN	text-end	0x8017e500	0x801807fc	scan: last jr ra + delay slot
BIN/WEP09.BIN	jtbl	0x8017e504	0x8017e528	jr=0x8017ea20 sltiu
BIN/WEP09.BIN	data-island	0x801807fc	0x80180874	text-end..loadmap end
BIN/WEP0A.BIN	text-end	0x8017e500	0x801801ec	scan: last jr ra + delay slot
BIN/WEP0A.BIN	data-island	0x801801ec	0x8018023c	text-end..loadmap end
BIN/WEP0B.BIN	text-end	0x8017e500	0x801801f4	scan: last jr ra + delay slot
BIN/WEP0B.BIN	jtbl	0x8017e504	0x8017e518	jr=0x8017e758 sltiu
BIN/WEP0B.BIN	data-island	0x801801f4	0x8018024c	text-end..loadmap end
BIN/WEP0C.BIN	text-end	0x8017e500	0x8017fbd4	scan: last jr ra + delay slot
BIN/WEP0C.BIN	jtbl	0x8017e504	0x8017e520	jr=0x8017e824 sltiu
BIN/WEP0C.BIN	data-island	0x8017fbd4	0x8017fc91	text-end..loadmap end
BIN/WEP0D.BIN	text-end	0x80120000	0x801225d4	scan: last jr ra + delay slot
BIN/WEP0D.BIN	jtbl	0x80120024	0x80120048	jr=0x80122264 sltiu
BIN/WEP0D.BIN	data-island	0x801225d4	0x8012269c	text-end..loadmap end
BIN/WEP0E.BIN	text-end	0x80120000	0x80122358	scan: last jr ra + delay slot
BIN/WEP0E.BIN	data-island	0x80122358	0x80122408	text-end..loadmap end
BIN/WEP0F.BIN	text-end	0x80120000	0x80123018	scan: last jr ra + delay slot
BIN/WEP0F.BIN	data-island	0x80123018	0x80123252	text-end..loadmap end
BIN/WEP10.BIN	text-end	0x80120000	0x801229c0	scan: last jr ra + delay slot
BIN/WEP10.BIN	jtbl	0x80120004	0x80120094	jr=0x80120380 sltiu
BIN/WEP10.BIN	data-island	0x801229c0	0x80122bbe	text-end..loadmap end
BIN/WEP11.BIN	text-end	0x80120000	0x80121c3c	scan: last jr ra + delay slot
BIN/WEP11.BIN	data-island	0x80121c3c	0x80121df2	text-end..loadmap end
BIN/WEP12.BIN	text-end	0x80120000	0x80121c04	scan: last jr ra + delay slot
BIN/WEP12.BIN	data-island	0x80121c04	0x80121d92	text-end..loadmap end
BIN/WEP13.BIN	text-end	0x80120000	0x80121c88	scan: last jr ra + delay slot
BIN/WEP13.BIN	data-island	0x80121c88	0x80121e32	text-end..loadmap end
BIN/WEP_S01.BIN	text-end	0x80180d00	0x80181298	scan: last jr ra + delay slot
BIN/WEP_S02.BIN	text-end	0x80180d00	0x80181448	scan: last jr ra + delay slot
BIN/WEP_S02.BIN	data-island	0x80181448	0x80181474	text-end..loadmap end
BIN/WEP_S03.BIN	text-end	0x80180d00	0x80181460	scan: last jr ra + delay slot
BIN/WEP_S03.BIN	data-island	0x80181460	0x8018148c	text-end..loadmap end
BIN/WEP_S04.BIN	text-end	0x80180d00	0x80181440	scan: last jr ra + delay slot
BIN/WEP_S04.BIN	data-island	0x80181440	0x80181474	text-end..loadmap end
BIN/WEP_S05.BIN	text-end	0x80180d00	0x801810b0	scan: last jr ra + delay slot
BIN/WEP_S05.BIN	data-island	0x801810b0	0x801810cc	text-end..loadmap end
BIN/WEP_S06.BIN	text-end	0x80180d00	0x801813f0	scan: last jr ra + delay slot
BIN/WEP_S06.BIN	data-island	0x801813f0	0x80181424	text-end..loadmap end
BIN/WEP_S07.BIN	text-end	0x8017c500	0x8017caa4	scan: last jr ra + delay slot
BIN/WEP_S08.BIN	text-end	0x80180d00	0x80181460	scan: last jr ra + delay slot
BIN/WEP_S08.BIN	data-island	0x80181460	0x8018148c	text-end..loadmap end
BIN/WEP_S09.BIN	text-end	0x80180d00	0x801812cc	scan: last jr ra + delay slot
BIN/WEP_S09.BIN	data-island	0x801812cc	0x801812e8	text-end..loadmap end
PSX/BIN/LOGO.BIN	text-end	0x800d5800	0x800d7620	scan: last jr ra + delay slot
PSX/BIN/LOGO.BIN	jtbl	0x800d5804	0x800d5818	jr=0x800d5d20 sltiu
PSX/BIN/LOGO.BIN	jtbl	0x800d5830	0x800d5880	jr=0x800d63b4 sltiu
# rows 201..
PSX/BIN/LOGO.BIN	data-island	0x800d7620	0x800d7c54	text-end..loadmap end
PSX/BIN/ST0.BIN	text-end	0x800d5800	0x800d61b0	scan: last jr ra + delay slot
PSX/BIN/ST0.BIN	jtbl	0x800d5804	0x800d5828	jr=0x800d5ca4 sltiu
PSX/BIN/ST0.BIN	jtbl	0x800d582c	0x800d5854	jr=0x800d5dec sltiu
PSX/BIN/ST0.BIN	data-island	0x800d61b0	0x800d649c	text-end..loadmap end
PSX/BIN/ST1.BIN	text-end	0x800d5800	0x800d9078	scan: last jr ra + delay slot
PSX/BIN/ST1.BIN	data-island	0x800d9078	0x800d96c8	text-end..loadmap end
PSX/BIN/ST2.BIN	text-end	0x800d5800	0x800d7c10	scan: last jr ra + delay slot
PSX/BIN/ST2.BIN	data-island	0x800d7c10	0x800d8090	text-end..loadmap end
PSX/BIN/ST3.BIN	text-end	0x800d5800	0x800d8038	scan: last jr ra + delay slot
PSX/BIN/ST3.BIN	data-island	0x800d8038	0x800d8300	text-end..loadmap end
PSX/BIN/ST4.BIN	text-end	0x800d5800	0x800d990c	scan: last jr ra + delay slot
PSX/BIN/ST4.BIN	data-island	0x800d990c	0x800d9ce4	text-end..loadmap end
PSX/BIN/ST5.BIN	text-end	0x800d5800	0x800d6204	scan: last jr ra + delay slot
PSX/BIN/ST5.BIN	data-island	0x800d6204	0x800d66b4	text-end..loadmap end
PSX/BIN/ST6.BIN	text-end	0x800d5800	0x800d6924	scan: last jr ra + delay slot
PSX/BIN/ST6.BIN	data-island	0x800d6924	0x800d6c28	text-end..loadmap end
PSX/BIN/ST7.BIN	text-end	0x800d5800	0x800d80b4	scan: last jr ra + delay slot
PSX/BIN/ST7.BIN	data-island	0x800d80b4	0x800d82ec	text-end..loadmap end
PSX/BIN/ST8.BIN	text-end	0x800d5800	0x800da664	scan: last jr ra + delay slot
PSX/BIN/ST8.BIN	jtbl	0x800d5810	0x800d5844	jr=0x800d86b8 sltiu
PSX/BIN/ST8.BIN	jtbl	0x800d5848	0x800d587c	jr=0x800d8844 sltiu
PSX/BIN/ST8.BIN	data-island	0x800da664	0x800dae80	text-end..loadmap end
PSX/BIN/ST9.BIN	text-end	0x800d5800	0x800de8e8	scan: last jr ra + delay slot
PSX/BIN/ST9.BIN	jtbl	0x800d5810	0x800d5824	jr=0x800d725c sltiu
PSX/BIN/ST9.BIN	jtbl	0x800d5828	0x800d5854	jr=0x800d7d78 sltiu
PSX/BIN/ST9.BIN	jtbl	0x800d5858	0x800d5884	jr=0x800d7de4 sltiu
PSX/BIN/ST9.BIN	jtbl	0x800d58f4	0x800d5918	jr=0x800d8e44 sltiu
PSX/BIN/ST9.BIN	jtbl	0x800d593c	0x800d5954	jr=0x800d9704 sltiu
PSX/BIN/ST9.BIN	jtbl	0x800d5954	0x800d598c	jr=0x800d999c sltiu
PSX/BIN/ST9.BIN	jtbl	0x800d59b4	0x800d59cc	jr=0x800d9e88 sltiu
PSX/BIN/ST9.BIN	jtbl	0x800d59e4	0x800d59f8	jr=0x800db75c sltiu
PSX/BIN/ST9.BIN	jtbl	0x800d59f8	0x800d5a1c	jr=0x800dca20 sltiu
PSX/BIN/ST9.BIN	jtbl	0x800d5a20	0x800d5a58	jr=0x800dca78 sltiu
PSX/BIN/ST9.BIN	data-island	0x800de8e8	0x800df940	text-end..loadmap end
PSX/DATA/MAP.BIN	text-end	0x801c1500	0x801c6b28	scan: last jr ra + delay slot
PSX/DATA/MAP.BIN	data-island	0x801c6b28	0x801c7c58	text-end..loadmap end
SLUS_012.79	text-end	0x80018000	0x80085f74	T3 binding; scan agrees
SLUS_012.79	jtbl	0x800181f0	0x8001820c	jr=0x8001e6cc sltiu
SLUS_012.79	jtbl	0x8001820c	0x80018224	jr=0x8001fac8 sltiu
SLUS_012.79	jtbl	0x8001824c	0x80018268	jr=0x800213a0 sltiu
SLUS_012.79	jtbl	0x8001827c	0x80018294	jr=0x80026c94 sltiu
SLUS_012.79	jtbl	0x80018294	0x800182ac	jr=0x80026e78 sltiu
SLUS_012.79	jtbl	0x800182ac	0x800182cc	jr=0x80026fe8 sltiu
SLUS_012.79	jtbl	0x800182cc	0x800182f0	jr=0x80027270 sltiu
SLUS_012.79	jtbl	0x800182f4	0x8001830c	jr=0x80027680 sltiu
SLUS_012.79	jtbl	0x8001830c	0x80018324	jr=0x8002798c sltiu
SLUS_012.79	jtbl	0x80018324	0x8001833c	jr=0x80027b88 sltiu
SLUS_012.79	jtbl	0x8001833c	0x80018350	jr=0x80027ce0 sltiu
SLUS_012.79	jtbl	0x80018354	0x80018368	jr=0x80027f08 sltiu
# rows 251..
SLUS_012.79	jtbl	0x8001836c	0x80018388	jr=0x80028038 sltiu
SLUS_012.79	jtbl	0x8001838c	0x800183a4	jr=0x80028254 sltiu
SLUS_012.79	jtbl	0x800183a4	0x800183bc	jr=0x800285a8 sltiu
SLUS_012.79	jtbl	0x800183bc	0x800183d0	jr=0x80028d0c sltiu
SLUS_012.79	jtbl	0x800183d4	0x800183ec	jr=0x80029c4c sltiu
SLUS_012.79	jtbl	0x80018400	0x80018440	jr=0x8002bd1c sltiu
SLUS_012.79	jtbl	0x80018440	0x80018480	jr=0x8002bd6c sltiu
SLUS_012.79	jtbl	0x80018480	0x800184c0	jr=0x8002c268 run
SLUS_012.79	jtbl	0x800184e0	0x800184f4	jr=0x8002fec8 sltiu
SLUS_012.79	jtbl	0x800185f0	0x80018624	jr=0x800307fc sltiu
SLUS_012.79	jtbl	0x80018624	0x800186f8	jr=0x8003500c sltiu
SLUS_012.79	jtbl	0x80018724	0x80018740	jr=0x8003babc sltiu
SLUS_012.79	jtbl	0x8001876c	0x8001878c	jr=0x8003c4f4 sltiu
SLUS_012.79	jtbl	0x8001961c	0x80019648	jr=0x800422fc sltiu
SLUS_012.79	jtbl	0x80019660	0x80019688	jr=0x80045918 sltiu
SLUS_012.79	jtbl	0x80019b30	0x80019b48	jr=0x8004b978 sltiu
SLUS_012.79	jtbl	0x80019d50	0x80019d68	jr=0x80052010 sltiu
SLUS_012.79	jtbl	0x80019f00	0x80019f18	jr=0x80056028 sltiu
SLUS_012.79	jtbl	0x80019f18	0x80019f30	jr=0x80056198 sltiu
SLUS_012.79	jtbl	0x8001a058	0x8001a074	jr=0x800592dc sltiu
SLUS_012.79	jtbl	0x8001a08c	0x8001a0a0	jr=0x8005b79c sltiu
SLUS_012.79	jtbl	0x8001a0a0	0x8001a0bc	jr=0x8005ea5c sltiu
SLUS_012.79	jtbl	0x8001a0c0	0x8001a128	jr=0x8005eb58 sltiu
SLUS_012.79	jtbl	0x8001a128	0x8001a1c8	jr=0x8005f8d8 sltiu
SLUS_012.79	jtbl	0x8001a1c8	0x8001a248	jr=0x8005fb94 sltiu
SLUS_012.79	jtbl	0x8001a248	0x8001a2e8	jr=0x8005fd2c sltiu
SLUS_012.79	jtbl	0x8001a2e8	0x8001a350	jr=0x8005ff38 sltiu
SLUS_012.79	jtbl	0x8001a350	0x8001a3f0	jr=0x8006008c sltiu
SLUS_012.79	jtbl	0x8001a3f0	0x8001a490	jr=0x800605f0 sltiu
SLUS_012.79	jtbl	0x8001a490	0x8001a510	jr=0x80060784 sltiu
SLUS_012.79	jtbl	0x8001a510	0x8001a5b0	jr=0x800608a4 sltiu
SLUS_012.79	jtbl	0x8001a5b0	0x8001a618	jr=0x800609c0 sltiu
SLUS_012.79	jtbl	0x8001a618	0x8001a6c4	jr=0x80060a60 sltiu
SLUS_012.79	jtbl	0x8001a6c8	0x8001a6dc	jr=0x80062894 sltiu
SLUS_012.79	jtbl	0x8001a6e0	0x8001a704	jr=0x80062b00 sltiu
SLUS_012.79	jtbl	0x8001a704	0x8001a744	jr=0x80064c48 sltiu
SLUS_012.79	jtbl	0x8001a744	0x8001a758	jr=0x80065d60 sltiu
SLUS_012.79	jtbl	0x8001a778	0x8001a798	jr=0x8006d348 sltiu
SLUS_012.79	jtbl	0x8001a7e8	0x8001a804	jr=0x80070a08 sltiu
SLUS_012.79	jtbl	0x8001a808	0x8001a824	jr=0x80070ae8 sltiu
SLUS_012.79	jtbl	0x8001a828	0x8001a848	jr=0x80071124 sltiu
SLUS_012.79	jtbl	0x8001a848	0x8001a868	jr=0x800711e4 sltiu
SLUS_012.79	jtbl	0x8001aae8	0x8001aafc	jr=0x80073340 sltiu
SLUS_012.79	jtbl	0x8001ab98	0x8001abfc	jr=0x800754ec sltiu
SLUS_012.79	jtbl	0x8001ac08	0x8001ac70	jr=0x80076634 sltiu
SLUS_012.79	jtbl	0x8001b0b8	0x8001b184	jr=0x8007eb94 sltiu
SLUS_012.79	jtbl	0x8001b2b0	0x8001b364	jr=0x80081f90 sltiu
SLUS_012.79	lib-object	0x8001b3b8	0x8001b530	psyq470 NOHEAP.OBJ/NOHEAP.OBJ
SLUS_012.79	lib-object	0x8006e514	0x8006e534	psyq470 LIBSND.LIB/UT_ROFF.OBJ
SLUS_012.79	lib-object	0x8006e514	0x8006e534	psyq470 LIBSPU.LIB/S_I.OBJ
# rows 301..
SLUS_012.79	lib-object	0x8006e534	0x8006e694	psyq470 LIBSPU.LIB/S_INI.OBJ
SLUS_012.79	lib-object	0x8006e694	0x8006f1d4	psyq470 LIBSPU.LIB/SPU.OBJ
SLUS_012.79	lib-object	0x8006f234	0x8006f4f4	psyq470 LIBSPU.LIB/S_SAV.OBJ
SLUS_012.79	lib-object	0x8006f4f4	0x8006f5e4	psyq470 LIBSPU.LIB/S_SR.OBJ
SLUS_012.79	lib-object	0x8006f5e4	0x8006f6f4	psyq470 LIBSPU.LIB/S_M_UTIL.OBJ
SLUS_012.79	lib-object	0x8006f6f4	0x8006fbd4	psyq470 LIBSPU.LIB/S_SRMP.OBJ
SLUS_012.79	lib-object	0x8006fbd4	0x800700a4	psyq470 LIBSPU.LIB/S_SRA.OBJ
SLUS_012.79	lib-object	0x800700a4	0x800700f4	psyq470 LIBSPU.LIB/S_RRWA.OBJ
SLUS_012.79	lib-object	0x80070124	0x800702c4	psyq470 LIBSPU.LIB/S_CRWA.OBJ
SLUS_012.79	lib-object	0x800702c4	0x80070484	psyq470 LIBSPU.LIB/S_SK.OBJ
SLUS_012.79	lib-object	0x80070484	0x800704e4	psyq470 LIBSPU.LIB/S_STSA.OBJ
SLUS_012.79	lib-object	0x800704e4	0x80070514	psyq470 LIBSPU.LIB/S_STM.OBJ
SLUS_012.79	lib-object	0x80070514	0x800705a4	psyq470 LIBSPU.LIB/S_WP.OBJ
SLUS_012.79	lib-object	0x800705a4	0x80070654	psyq470 LIBSPU.LIB/S_ITC.OBJ
SLUS_012.79	lib-object	0x80070684	0x800707e4	psyq470 LIBSPU.LIB/SR_GAKS.OBJ
SLUS_012.79	lib-object	0x800707e4	0x80070864	psyq470 LIBSPU.LIB/S_SVV.OBJ
SLUS_012.79	lib-object	0x80070864	0x800708d4	psyq470 LIBSPU.LIB/S_SVP.OBJ
SLUS_012.79	lib-object	0x800708d4	0x80070ed4	psyq470 LIBSPU.LIB/S_SVA.OBJ
SLUS_012.79	lib-object	0x80070ed4	0x800710d4	psyq470 LIBSPU.LIB/S_N2P.OBJ
SLUS_012.79	lib-object	0x800710d4	0x80071454	psyq470 LIBSPU.LIB/S_SCA.OBJ
SLUS_012.79	lib-object	0x80071484	0x80071694	psyq470 LIBETC.LIB/VSYNC.OBJ
SLUS_012.79	lib-object	0x80071694	0x80071d54	psyq470 LIBETC.LIB/INTR.OBJ
SLUS_012.79	lib-object	0x80071d54	0x80071e74	psyq470 LIBETC.LIB/INTR_VB.OBJ
SLUS_012.79	lib-object	0x80071e74	0x80072114	psyq470 LIBETC.LIB/INTR_DMA.OBJ
SLUS_012.79	lib-object	0x80072114	0x80072144	psyq470 LIBCD.LIB/CDROM.OBJ
SLUS_012.79	lib-object	0x80072144	0x800721a4	psyq470 LIBCD.LIB/C_002.OBJ
SLUS_012.79	lib-object	0x80072224	0x800722b4	psyq470 LIBCD.LIB/C_005.OBJ
SLUS_012.79	lib-object	0x800722b4	0x80072364	psyq470 LIBCD.LIB/C_007.OBJ
SLUS_012.79	lib-object	0x80072364	0x800723a4	psyq470 LIBCD.LIB/C_008.OBJ
SLUS_012.79	lib-object	0x800723a4	0x80072464	psyq470 LIBCD.LIB/C_009.OBJ
SLUS_012.79	lib-object	0x80072484	0x80072f74	psyq470 LIBCD.LIB/C_011.OBJ
SLUS_012.79	lib-object	0x80072f74	0x80073064	psyq470 LIBCD.LIB/C_004.OBJ
SLUS_012.79	lib-object	0x80073064	0x800730e4	psyq470 LIBCD.LIB/SYS.OBJ
SLUS_012.79	lib-object	0x80073064	0x800730e4	psyq470 LIBDS.LIB/D3_006.OBJ
SLUS_012.79	lib-object	0x800730e4	0x80074664	psyq470 LIBCD.LIB/BIOS_1.OBJ
SLUS_012.79	lib-object	0x80074664	0x80074774	psyq470 LIBCD.LIB/S_002.OBJ
SLUS_012.79	lib-object	0x80074664	0x80074774	psyq470 LIBDS.LIB/D3_005.OBJ
SLUS_012.79	lib-object	0x800747e4	0x80075bd4	psyq470 LIBDS.LIB/DSSYS_2.OBJ
SLUS_012.79	lib-object	0x80075bd4	0x80076d14	psyq470 LIBDS.LIB/DSSYS_1.OBJ
SLUS_012.79	lib-object	0x80076d14	0x80076d34	psyq470 LIBCD.LIB/S_020.OBJ
SLUS_012.79	lib-object	0x80076d14	0x80076d34	psyq470 LIBDS.LIB/DSSYS_3.OBJ
SLUS_012.79	lib-object	0x80076d34	0x80077244	psyq470 LIBDS.LIB/DSREAD.OBJ
SLUS_012.79	lib-object	0x80077244	0x80077344	psyq470 LIBDS.LIB/DSREAD2.OBJ
SLUS_012.79	lib-object	0x80077344	0x80077ca4	psyq470 LIBDS.LIB/DSFILE.OBJ
SLUS_012.79	lib-object	0x80077ca4	0x80078244	psyq470 LIBDS.LIB/DSREADY.OBJ
SLUS_012.79	lib-object	0x800782a4	0x800782c4	psyq470 LIBDS.LIB/D2_002.OBJ
SLUS_012.79	lib-object	0x800782a4	0x800782c4	psyq470 LIBDS.LIB/D2_004.OBJ
SLUS_012.79	lib-object	0x80078324	0x80078374	psyq470 LIBDS.LIB/D2_006.OBJ
SLUS_012.79	lib-object	0x80078374	0x80078394	psyq470 LIBCD.LIB/S_021.OBJ
SLUS_012.79	lib-object	0x80078374	0x80078394	psyq470 LIBCD.LIB/S_022.OBJ
# rows 351..
SLUS_012.79	lib-object	0x80078374	0x80078394	psyq470 LIBDS.LIB/D3_002.OBJ
SLUS_012.79	lib-object	0x80078374	0x80078394	psyq470 LIBDS.LIB/D3_003.OBJ
SLUS_012.79	lib-object	0x80078394	0x80078494	psyq470 LIBCD.LIB/BIOS_2.OBJ
SLUS_012.79	lib-object	0x800784b4	0x800785a4	psyq470 LIBCD.LIB/BIOS_3.OBJ
SLUS_012.79	lib-object	0x80078754	0x800787b4	psyq470 LIBDS.LIB/D3_008.OBJ
SLUS_012.79	lib-object	0x80078844	0x80078914	psyq470 LIBGTE.LIB/GEO_00.OBJ
SLUS_012.79	lib-object	0x80078914	0x800789b4	psyq470 LIBGTE.LIB/GEO_01.OBJ
SLUS_012.79	lib-object	0x800789b4	0x80078a84	psyq470 LIBGTE.LIB/COR_02.OBJ
SLUS_012.79	lib-object	0x80078a84	0x80078ba4	psyq470 LIBGTE.LIB/COR_01.OBJ
SLUS_012.79	lib-object	0x80078ba4	0x80078d84	psyq470 LIBGTE.LIB/COR_03.OBJ
SLUS_012.79	lib-object	0x80078d84	0x80078e14	psyq470 LIBGTE.LIB/MSC00.OBJ
SLUS_012.79	lib-object	0x80078e14	0x80078ea4	psyq470 LIBGTE.LIB/MSC01.OBJ
SLUS_012.79	lib-object	0x80078ea4	0x80079154	psyq470 LIBGTE.LIB/MSC02.OBJ
SLUS_012.79	lib-object	0x80079154	0x800791f4	psyq470 LIBGTE.LIB/MSC09.OBJ
SLUS_012.79	lib-object	0x800791f4	0x80079304	psyq470 LIBGTE.LIB/MTX_000.OBJ
SLUS_012.79	lib-object	0x80079304	0x80079464	psyq470 LIBGTE.LIB/MTX_004.OBJ
SLUS_012.79	lib-object	0x80079464	0x800795a4	psyq470 LIBGTE.LIB/MTX_01.OBJ
SLUS_012.79	lib-object	0x800795a4	0x800796b4	psyq470 LIBGTE.LIB/MTX_04.OBJ
SLUS_012.79	lib-object	0x800796b4	0x80079704	psyq470 LIBGTE.LIB/MTX_05.OBJ
SLUS_012.79	lib-object	0x80079704	0x80079764	psyq470 LIBGTE.LIB/MTX_06.OBJ
SLUS_012.79	lib-object	0x80079764	0x800798a4	psyq470 LIBGTE.LIB/MTX_08.OBJ
SLUS_012.79	lib-object	0x800798a4	0x800798d4	psyq470 LIBGTE.LIB/MTX_09.OBJ
SLUS_012.79	lib-object	0x800798d4	0x800798f4	psyq470 LIBGTE.LIB/MTX_12.OBJ
SLUS_012.79	lib-object	0x80079904	0x80079924	psyq470 LIBGTE.LIB/REG10.OBJ
SLUS_012.79	lib-object	0x80079954	0x80079984	psyq470 LIBGTE.LIB/SMP_02.OBJ
SLUS_012.79	lib-object	0x80079984	0x800799e4	psyq470 LIBGTE.LIB/SMP_03.OBJ
SLUS_012.79	lib-object	0x800799e4	0x80079a64	psyq470 LIBGTE.LIB/CMB_00.OBJ
SLUS_012.79	lib-object	0x80079a64	0x80079aa4	psyq470 LIBGTE.LIB/FGO_00.OBJ
SLUS_012.79	lib-object	0x80079aa4	0x80079d34	psyq470 LIBGTE.LIB/FGO_01.OBJ
SLUS_012.79	lib-object	0x80079d34	0x80079fc4	psyq470 LIBGTE.LIB/FGO_02.OBJ
SLUS_012.79	lib-object	0x80079fc4	0x8007a254	psyq470 LIBGTE.LIB/FGO_03.OBJ
SLUS_012.79	lib-object	0x8007a254	0x8007a3f4	psyq470 LIBGTE.LIB/FGO_04.OBJ
SLUS_012.79	lib-object	0x8007a3f4	0x8007a594	psyq470 LIBGTE.LIB/FGO_05.OBJ
SLUS_012.79	lib-object	0x8007a594	0x8007a824	psyq470 LIBGTE.LIB/FGO_08.OBJ
SLUS_012.79	lib-object	0x8007a824	0x8007aa34	psyq470 LIBGTE.LIB/RMAT_01.OBJ
SLUS_012.79	lib-object	0x8007aa34	0x8007ac34	psyq470 LIBGTE.LIB/RMAT_02.OBJ
SLUS_012.79	lib-object	0x8007ac34	0x8007adb4	psyq470 LIBGTE.LIB/RATAN.OBJ
SLUS_012.79	lib-object	0x8007adb4	0x8007ae94	psyq470 LIBGTE.LIB/PATCHGTE.OBJ
SLUS_012.79	lib-object	0x8007ae94	0x8007af24	psyq470 LIBGTE.LIB/MSC06_3.OBJ
SLUS_012.79	lib-object	0x8007af24	0x8007afa4	psyq470 LIBGTE.LIB/MSC06_6.OBJ
SLUS_012.79	lib-object	0x8007b004	0x8007df04	psyq470 LIBGPU.LIB/SYS.OBJ
SLUS_012.79	lib-object	0x8007df34	0x8007dff4	psyq470 LIBGPU.LIB/E03.OBJ
SLUS_012.79	lib-object	0x8007dff4	0x8007e034	psyq470 LIBGPU.LIB/E04.OBJ
SLUS_012.79	lib-object	0x8007e034	0x8007e074	psyq470 LIBGPU.LIB/P00.OBJ
SLUS_012.79	lib-object	0x8007e074	0x8007e0b4	psyq470 LIBGPU.LIB/P06.OBJ
SLUS_012.79	lib-object	0x8007e0b4	0x8007e0f4	psyq470 LIBGPU.LIB/P07.OBJ
SLUS_012.79	lib-object	0x8007e134	0x8007e194	psyq470 LIBGPU.LIB/P34.OBJ
SLUS_012.79	lib-object	0x8007e194	0x8007e234	psyq470 LIBGPU.LIB/P41.OBJ
SLUS_012.79	lib-object	0x8007e284	0x8007e294	psyq470 LIBAPI.LIB/C112.OBJ
SLUS_012.79	lib-object	0x8007e284	0x8007e294	psyq470 LIBCARD.LIB/C112.OBJ
# rows 401..
SLUS_012.79	lib-object	0x8007e294	0x8007e394	psyq470 LIBCARD.LIB/INIT.OBJ
SLUS_012.79	lib-object	0x8007e394	0x8007e3a4	psyq470 LIBCARD.LIB/A74.OBJ
SLUS_012.79	lib-object	0x8007e3a4	0x8007e3b4	psyq470 LIBCARD.LIB/A75.OBJ
SLUS_012.79	lib-object	0x8007e3b4	0x8007e3c4	psyq470 LIBCARD.LIB/A76.OBJ
SLUS_012.79	lib-object	0x8007e3c4	0x8007e5e4	psyq470 LIBCARD.LIB/PATCH.OBJ
SLUS_012.79	lib-object	0x8007e664	0x8007ff34	psyq470 LIBMCRD.LIB/LIBMCRD.OBJ
SLUS_012.79	lib-object	0x8007ff34	0x8007ff44	psyq470 LIBCARD.LIB/C171.OBJ
SLUS_012.79	lib-object	0x8007ff44	0x8007ff54	psyq470 LIBCARD.LIB/C172.OBJ
SLUS_012.79	lib-object	0x8007ff54	0x8007ff94	psyq470 LIBCARD.LIB/CARD.OBJ
SLUS_012.79	lib-object	0x8007ff94	0x8007ffa4	psyq470 LIBCARD.LIB/A78.OBJ
SLUS_012.79	lib-object	0x8007ffa4	0x8007ffb4	psyq470 LIBCARD.LIB/A80.OBJ
SLUS_012.79	lib-object	0x8007ffb4	0x800800c4	psyq470 LIBMCRD.LIB/USERFUNC.OBJ
SLUS_012.79	lib-object	0x800800c4	0x80080774	psyq470 LIBMCRD.LIB/BIOS.OBJ
SLUS_012.79	lib-object	0x80080774	0x80081204	psyq470 LIBMCRD.LIB/LOW.OBJ
SLUS_012.79	lib-object	0x80081204	0x80081214	psyq470 LIBCARD.LIB/A79.OBJ
SLUS_012.79	lib-object	0x80081214	0x80081224	psyq470 LIBAPI.LIB/C57.OBJ
SLUS_012.79	lib-object	0x80081224	0x80081234	psyq470 LIBAPI.LIB/C68.OBJ
SLUS_012.79	lib-object	0x80081234	0x80081244	psyq470 LIBAPI.LIB/C73.OBJ
SLUS_012.79	lib-object	0x80081264	0x80081274	psyq470 LIBAPI.LIB/A07.OBJ
SLUS_012.79	lib-object	0x80081274	0x80081284	psyq470 LIBAPI.LIB/A08.OBJ
SLUS_012.79	lib-object	0x80081284	0x80081294	psyq470 LIBAPI.LIB/A09.OBJ
SLUS_012.79	lib-object	0x80081294	0x800812a4	psyq470 LIBAPI.LIB/A10.OBJ
SLUS_012.79	lib-object	0x800812a4	0x800812b4	psyq470 LIBAPI.LIB/A11.OBJ
SLUS_012.79	lib-object	0x800812b4	0x800812c4	psyq470 LIBAPI.LIB/A12.OBJ
SLUS_012.79	lib-object	0x800812c4	0x800812d4	psyq470 LIBAPI.LIB/A14.OBJ
SLUS_012.79	lib-object	0x800812d4	0x800812e4	psyq470 LIBAPI.LIB/A15.OBJ
SLUS_012.79	lib-object	0x800812e4	0x800812f4	psyq470 LIBAPI.LIB/A16.OBJ
SLUS_012.79	lib-object	0x800812f4	0x80081304	psyq470 LIBAPI.LIB/A23.OBJ
SLUS_012.79	lib-object	0x80081304	0x80081314	psyq470 LIBAPI.LIB/A24.OBJ
SLUS_012.79	lib-object	0x80081314	0x80081324	psyq470 LIBAPI.LIB/A25.OBJ
SLUS_012.79	lib-object	0x80081344	0x80081354	psyq470 LIBAPI.LIB/A50.OBJ
SLUS_012.79	lib-object	0x80081354	0x80081364	psyq470 LIBAPI.LIB/A51.OBJ
SLUS_012.79	lib-object	0x80081364	0x80081374	psyq470 LIBAPI.LIB/A52.OBJ
SLUS_012.79	lib-object	0x80081374	0x80081384	psyq470 LIBAPI.LIB/A53.OBJ
SLUS_012.79	lib-object	0x80081384	0x80081394	psyq470 LIBAPI.LIB/A54.OBJ
SLUS_012.79	lib-object	0x80081394	0x800813a4	psyq470 LIBAPI.LIB/A67.OBJ
SLUS_012.79	lib-object	0x800813a4	0x800813b4	psyq470 LIBAPI.LIB/A81.OBJ
SLUS_012.79	lib-object	0x800813b4	0x800813c4	psyq470 LIBAPI.LIB/A91.OBJ
SLUS_012.79	lib-object	0x800813c4	0x800813d4	psyq470 LIBAPI.LIB/L10.OBJ
SLUS_012.79	lib-object	0x800813d4	0x80081544	psyq470 LIBAPI.LIB/COUNTER.OBJ
SLUS_012.79	lib-object	0x80081544	0x800817e4	psyq470 LIBAPI.LIB/FIRST.OBJ
SLUS_012.79	lib-object	0x800817e4	0x800817f4	psyq470 LIBAPI.LIB/A66.OBJ
SLUS_012.79	lib-object	0x800817f4	0x80081a84	psyq470 LIBAPI.LIB/PAD.OBJ
SLUS_012.79	lib-object	0x80081a84	0x80081a94	psyq470 LIBAPI.LIB/A18.OBJ
SLUS_012.79	lib-object	0x80081a94	0x80081aa4	psyq470 LIBAPI.LIB/A19.OBJ
SLUS_012.79	lib-object	0x80081aa4	0x80081ab4	psyq470 LIBAPI.LIB/A21.OBJ
SLUS_012.79	lib-object	0x80081ab4	0x80081ac4	psyq470 LIBAPI.LIB/L02.OBJ
SLUS_012.79	lib-object	0x80081ac4	0x80081ad4	psyq470 LIBAPI.LIB/L03.OBJ
SLUS_012.79	lib-object	0x80081ad4	0x80081b74	psyq470 LIBAPI.LIB/PATCH.OBJ
SLUS_012.79	lib-object	0x80081b74	0x80081be4	psyq470 LIBAPI.LIB/CHCLRPAD.OBJ
# rows 451..
SLUS_012.79	lib-object	0x80081be4	0x80081bf4	psyq470 LIBC.LIB/A56.OBJ
SLUS_012.79	lib-object	0x80081be4	0x80081bf4	psyq470 LIBC2.LIB/EXIT.OBJ
SLUS_012.79	lib-object	0x80081c14	0x80081c24	psyq470 LIBC.LIB/C19.OBJ
SLUS_012.79	lib-object	0x80081c24	0x80081c34	psyq470 LIBC.LIB/C21.OBJ
SLUS_012.79	lib-object	0x80081c34	0x80081c44	psyq470 LIBC.LIB/C23.OBJ
SLUS_012.79	lib-object	0x80081c44	0x80081c54	psyq470 LIBC.LIB/C24.OBJ
SLUS_012.79	lib-object	0x80081c54	0x80081c64	psyq470 LIBC.LIB/C25.OBJ
SLUS_012.79	lib-object	0x80081c64	0x80081c74	psyq470 LIBC.LIB/C26.OBJ
SLUS_012.79	lib-object	0x80081c74	0x80081c84	psyq470 LIBC.LIB/C27.OBJ
SLUS_012.79	lib-object	0x80081c84	0x80081c94	psyq470 LIBC.LIB/C40.OBJ
SLUS_012.79	lib-object	0x80081c94	0x80081ca4	psyq470 LIBC.LIB/C42.OBJ
SLUS_012.79	lib-object	0x80081ca4	0x80081cb4	psyq470 LIBC.LIB/C43.OBJ
SLUS_012.79	lib-object	0x80081cb4	0x80081cc4	psyq470 LIBC.LIB/C47.OBJ
SLUS_012.79	lib-object	0x80081cc4	0x80081cd4	psyq470 LIBC.LIB/C63.OBJ
SLUS_012.79	lib-object	0x80081cd4	0x80082564	psyq470 LIBC.LIB/SPRINTF.OBJ
SLUS_012.79	lib-object	0x80082564	0x80082574	psyq470 LIBC.LIB/C46.OBJ
SLUS_012.79	lib-object	0x80082574	0x800825e4	psyq470 LIBC.LIB/MEMMOVE.OBJ
SLUS_012.79	lib-object	0x80082574	0x800825e4	psyq470 LIBC2.LIB/MEMMOVE.OBJ
SLUS_012.79	lib-object	0x800825e4	0x80082774	psyq470 LIBC.LIB/QSORT.OBJ
SLUS_012.79	lib-object	0x800825e4	0x80082774	psyq470 LIBC2.LIB/QSORT.OBJ
SLUS_012.79	lib-object	0x80082774	0x800827b4	psyq470 LIBPAD.LIB/PDCMD1.OBJ
SLUS_012.79	lib-object	0x800827b4	0x80082924	psyq470 LIBPAD.LIB/PDCMD2.OBJ
SLUS_012.79	lib-object	0x80082924	0x800829f4	psyq470 LIBPAD.LIB/PDENT2.OBJ
SLUS_012.79	lib-object	0x800829f4	0x80082af4	psyq470 LIBPAD.LIB/PDENT3.OBJ
SLUS_012.79	lib-object	0x80082af4	0x80082c04	psyq470 LIBPAD.LIB/PDMAIINI.OBJ
SLUS_012.79	lib-object	0x80082c04	0x80082cb4	psyq470 LIBPAD.LIB/PDDIRINI.OBJ
SLUS_012.79	lib-object	0x80082cb4	0x800836f4	psyq470 LIBPAD.LIB/PDDIRRES.OBJ
SLUS_012.79	lib-object	0x800836f4	0x80085564	psyq470 LIBPAD.LIB/PDRESRES.OBJ
SLUS_012.79	lib-object	0x80085564	0x80085bf4	psyq470 LIBPRESS.LIB/LIBPRESS.OBJ
SLUS_012.79	lib-object	0x80085bf4	0x80085f74	psyq470 LIBPRESS.LIB/VLC.OBJ
SLUS_012.79	data-island	0x80085f74	0x800a8000	text-end..loadmap end
