# config/families.tsv -- shared-body families for tools/propagate.py (T4, Phase 1.6). family = exemplar alias:start; role exemplar|member;
# unit = src/<alias>/<unit>.c; basis = exact:<sha1[:16] of the exact key> (retail words, data-flow masks; re-checked every run).
# family	role	alias	start	unit	basis
psx_bin_st6:0x800d5c40	exemplar	psx_bin_st6	0x800d5c40	game_800D5C40	exact:2ba4608ca6fe0e9c
psx_bin_st6:0x800d5c40	member	psx_bin_st8	0x800d6ab4	game_800D6AB4	exact:2ba4608ca6fe0e9c
slus_012_79:0x8001b530	exemplar	slus_012_79	0x8001b530	game_8001B530	exact:bc6e15da5a72ab85
slus_012_79:0x8001b530	member	bin_e10	0x800d1954	game_800D1954	exact:bc6e15da5a72ab85
slus_012_79:0x8001b530	member	bin_e10	0x800d1a04	game_800D1954	exact:bc6e15da5a72ab85
slus_012_79:0x8001b530	member	bin_e10	0x800d1d24	game_800D1954	exact:bc6e15da5a72ab85
slus_012_79:0x8001b530	member	bin_e10	0x800d2504	game_800D1954	exact:bc6e15da5a72ab85
slus_012_79:0x8001b530	member	bin_e10	0x800d3a64	game_800D1954	exact:bc6e15da5a72ab85
slus_012_79:0x8001b530	member	bin_e20	0x800d0bb8	game_800D0BB8	exact:bc6e15da5a72ab85
slus_012_79:0x8001b530	member	bin_e20	0x800d1544	game_800D0BB8	exact:bc6e15da5a72ab85
slus_012_79:0x8001b530	member	bin_e20	0x800d1760	game_800D0BB8	exact:bc6e15da5a72ab85
slus_012_79:0x8001b530	member	bin_e20	0x800d1978	game_800D0BB8	exact:bc6e15da5a72ab85
slus_012_79:0x8001b530	member	bin_e20	0x800d1f1c	game_800D0BB8	exact:bc6e15da5a72ab85
slus_012_79:0x8001b530	member	bin_e20	0x800d31ec	game_800D0BB8	exact:bc6e15da5a72ab85
slus_012_79:0x8001b530	member	bin_e30	0x800d1da4	game_800D1DA4	exact:bc6e15da5a72ab85
slus_012_79:0x8001b530	member	bin_e31	0x800d10f4	game_800D10F4	exact:bc6e15da5a72ab85
slus_012_79:0x8001b530	member	bin_e31	0x800d1e34	game_800D10F4	exact:bc6e15da5a72ab85
slus_012_79:0x8001b530	member	bin_e31	0x800d2e44	game_800D10F4	exact:bc6e15da5a72ab85
slus_012_79:0x8001b530	member	bin_e32	0x800d0a5c	game_800D0A5C	exact:bc6e15da5a72ab85
slus_012_79:0x8001b530	member	bin_e32	0x800d0a64	game_800D0A5C	exact:bc6e15da5a72ab85
slus_012_79:0x8001b530	member	bin_e32	0x800d0e38	game_800D0A5C	exact:bc6e15da5a72ab85
slus_012_79:0x8001b530	member	bin_e32	0x800d15d8	game_800D0A5C	exact:bc6e15da5a72ab85
slus_012_79:0x8001b530	member	bin_e32	0x800d15e0	game_800D0A5C	exact:bc6e15da5a72ab85
slus_012_79:0x8001b530	member	bin_e32	0x800d15e8	game_800D0A5C	exact:bc6e15da5a72ab85
slus_012_79:0x8001b530	member	bin_e32	0x800d15f0	game_800D0A5C	exact:bc6e15da5a72ab85
slus_012_79:0x8001b530	member	bin_e32	0x800d178c	game_800D0A5C	exact:bc6e15da5a72ab85
slus_012_79:0x8001b530	member	bin_e32	0x800d1794	game_800D0A5C	exact:bc6e15da5a72ab85
slus_012_79:0x8001b530	member	bin_e32	0x800d20c0	game_800D0A5C	exact:bc6e15da5a72ab85
slus_012_79:0x8001b530	member	bin_e32	0x800d2334	game_800D0A5C	exact:bc6e15da5a72ab85
slus_012_79:0x8001b530	member	bin_e32	0x800d344c	game_800D0A5C	exact:bc6e15da5a72ab85
slus_012_79:0x8001b530	member	bin_e32	0x800d3b44	game_800D0A5C	exact:bc6e15da5a72ab85
slus_012_79:0x8001b530	member	bin_e32	0x800d3d54	game_800D0A5C	exact:bc6e15da5a72ab85
slus_012_79:0x8001b530	member	bin_e32	0x800d3f5c	game_800D0A5C	exact:bc6e15da5a72ab85
slus_012_79:0x8001b530	member	bin_e32	0x800d3f64	game_800D0A5C	exact:bc6e15da5a72ab85
slus_012_79:0x8001b530	member	bin_e32	0x800d3f6c	game_800D0A5C	exact:bc6e15da5a72ab85
slus_012_79:0x8001b530	member	bin_e32	0x800d3f74	game_800D0A5C	exact:bc6e15da5a72ab85
slus_012_79:0x8001b530	member	bin_e32	0x800d40cc	game_800D0A5C	exact:bc6e15da5a72ab85
slus_012_79:0x8001b530	member	bin_e32	0x800d44d0	game_800D0A5C	exact:bc6e15da5a72ab85
slus_012_79:0x8001b530	member	bin_e32	0x800d47f8	game_800D0A5C	exact:bc6e15da5a72ab85
slus_012_79:0x8001b530	member	bin_e40	0x800d2a78	game_800D2A78	exact:bc6e15da5a72ab85
slus_012_79:0x8001b530	member	bin_e40	0x800d403c	game_800D2A78	exact:bc6e15da5a72ab85
slus_012_79:0x8001b530	member	bin_e50	0x800d1074	game_800D1074	exact:bc6e15da5a72ab85
slus_012_79:0x8001b530	member	bin_e50	0x800d3280	game_800D1074	exact:bc6e15da5a72ab85
slus_012_79:0x8001b530	member	bin_e60	0x800d1558	game_800D1558	exact:bc6e15da5a72ab85
slus_012_79:0x8001b530	member	bin_e60	0x800d189c	game_800D1558	exact:bc6e15da5a72ab85
slus_012_79:0x8001b530	member	bin_e60	0x800d1ce4	game_800D1558	exact:bc6e15da5a72ab85
slus_012_79:0x8001b530	member	bin_e60	0x800d1de8	game_800D1558	exact:bc6e15da5a72ab85
slus_012_79:0x8001b530	member	bin_e60	0x800d1e74	game_800D1558	exact:bc6e15da5a72ab85
slus_012_79:0x8001b530	member	bin_e60	0x800d1f44	game_800D1558	exact:bc6e15da5a72ab85
slus_012_79:0x8001b530	member	bin_e60	0x800d2694	game_800D1558	exact:bc6e15da5a72ab85
slus_012_79:0x8001b530	member	bin_e60	0x800d2780	game_800D1558	exact:bc6e15da5a72ab85
slus_012_79:0x8001b530	member	bin_e60	0x800d284c	game_800D1558	exact:bc6e15da5a72ab85
slus_012_79:0x8001b530	member	bin_e60	0x800d2c18	game_800D1558	exact:bc6e15da5a72ab85
slus_012_79:0x8001b530	member	bin_e60	0x800d2cec	game_800D1558	exact:bc6e15da5a72ab85
slus_012_79:0x8001b530	member	bin_e60	0x800d43f4	game_800D1558	exact:bc6e15da5a72ab85
slus_012_79:0x8001b530	member	bin_e70	0x800d1368	game_800D1368	exact:bc6e15da5a72ab85
slus_012_79:0x8001b530	member	bin_e70	0x800d167c	game_800D1368	exact:bc6e15da5a72ab85
slus_012_79:0x8001b530	member	bin_e70	0x800d2460	game_800D1368	exact:bc6e15da5a72ab85
slus_012_79:0x8001b530	member	bin_e80	0x800d1174	game_800D1174	exact:bc6e15da5a72ab85
slus_012_79:0x8001b530	member	bin_e80	0x800d153c	game_800D1174	exact:bc6e15da5a72ab85
slus_012_79:0x8001b530	member	bin_e80	0x800d303c	game_800D1174	exact:bc6e15da5a72ab85
slus_012_79:0x8001b530	member	bin_e90	0x800d0cb8	game_800D0CB8	exact:bc6e15da5a72ab85
slus_012_79:0x8001b530	member	bin_e90	0x800d2128	game_800D0CB8	exact:bc6e15da5a72ab85
slus_012_79:0x8001b530	member	bin_ea0	0x800d03e4	game_800D03E4	exact:bc6e15da5a72ab85
slus_012_79:0x8001b530	member	bin_ea0	0x800d0494	game_800D03E4	exact:bc6e15da5a72ab85
slus_012_79:0x8001b530	member	bin_kof_p10p	0x80128bb8	game_80128BB8	exact:bc6e15da5a72ab85
slus_012_79:0x8001b530	member	bin_kof_p10p	0x801294e0	game_80128BB8	exact:bc6e15da5a72ab85
slus_012_79:0x8001b530	member	bin_kof_p10p	0x8012958c	game_80128BB8	exact:bc6e15da5a72ab85
slus_012_79:0x8001b530	member	bin_kof_p10p	0x8012a6f0	game_80128BB8	exact:bc6e15da5a72ab85
slus_012_79:0x8001b530	member	bin_kof_p11p	0x800d0bb8	game_800D0BB8	exact:bc6e15da5a72ab85
slus_012_79:0x8001b530	member	bin_kof_p11p	0x800d14e0	game_800D0BB8	exact:bc6e15da5a72ab85
slus_012_79:0x8001b530	member	bin_kof_p11p	0x800d158c	game_800D0BB8	exact:bc6e15da5a72ab85
slus_012_79:0x8001b530	member	bin_kof_p11p	0x800d26f0	game_800D0BB8	exact:bc6e15da5a72ab85
slus_012_79:0x8001b530	member	bin_kof_p50p	0x80128914	game_80128914	exact:bc6e15da5a72ab85
slus_012_79:0x8001b530	member	bin_kof_p50p	0x80128d68	game_80128914	exact:bc6e15da5a72ab85
slus_012_79:0x8001b530	member	bin_kof_p50p	0x80128e3c	game_80128914	exact:bc6e15da5a72ab85
slus_012_79:0x8001b530	member	bin_kof_p50p	0x80129a58	game_80128914	exact:bc6e15da5a72ab85
slus_012_79:0x8001b530	member	bin_kof_p51p	0x800d0914	game_800D0914	exact:bc6e15da5a72ab85
slus_012_79:0x8001b530	member	bin_kof_p51p	0x800d0d68	game_800D0914	exact:bc6e15da5a72ab85
slus_012_79:0x8001b530	member	bin_kof_p51p	0x800d0e3c	game_800D0914	exact:bc6e15da5a72ab85
slus_012_79:0x8001b530	member	bin_kof_p51p	0x800d1a58	game_800D0914	exact:bc6e15da5a72ab85
slus_012_79:0x8001b530	member	bin_kof_p60p	0x80128924	game_80128924	exact:bc6e15da5a72ab85
slus_012_79:0x8001b530	member	bin_kof_p60p	0x80128fb8	game_80128924	exact:bc6e15da5a72ab85
slus_012_79:0x8001b530	member	bin_kof_p60p	0x801296c4	game_80128924	exact:bc6e15da5a72ab85
slus_012_79:0x8001b530	member	bin_kof_p60p	0x801297a0	game_80128924	exact:bc6e15da5a72ab85
slus_012_79:0x8001b530	member	bin_kof_p60p	0x8012986c	game_80128924	exact:bc6e15da5a72ab85
slus_012_79:0x8001b530	member	bin_kof_p60p	0x80129dd8	game_80128924	exact:bc6e15da5a72ab85
slus_012_79:0x8001b530	member	bin_kof_p60p	0x8012abe4	game_80128924	exact:bc6e15da5a72ab85
slus_012_79:0x8001b530	member	bin_kof_p61p	0x800d0924	game_800D0924	exact:bc6e15da5a72ab85
slus_012_79:0x8001b530	member	bin_kof_p61p	0x800d0fb8	game_800D0924	exact:bc6e15da5a72ab85
slus_012_79:0x8001b530	member	bin_kof_p61p	0x800d16c4	game_800D0924	exact:bc6e15da5a72ab85
slus_012_79:0x8001b530	member	bin_kof_p61p	0x800d17a0	game_800D0924	exact:bc6e15da5a72ab85
slus_012_79:0x8001b530	member	bin_kof_p61p	0x800d186c	game_800D0924	exact:bc6e15da5a72ab85
slus_012_79:0x8001b530	member	bin_kof_p61p	0x800d1dd8	game_800D0924	exact:bc6e15da5a72ab85
slus_012_79:0x8001b530	member	bin_kof_p61p	0x800d2be4	game_800D0924	exact:bc6e15da5a72ab85
slus_012_79:0x8001b530	member	bin_kof_p70p	0x801288a0	game_801288A0	exact:bc6e15da5a72ab85
slus_012_79:0x8001b530	member	bin_kof_p70p	0x80129a0c	game_801288A0	exact:bc6e15da5a72ab85
slus_012_79:0x8001b530	member	bin_kof_p71p	0x800d08a0	game_800D08A0	exact:bc6e15da5a72ab85
slus_012_79:0x8001b530	member	bin_kof_p71p	0x800d1a0c	game_800D08A0	exact:bc6e15da5a72ab85
slus_012_79:0x8001b530	member	bin_kof_pa0p	0x8012895c	game_8012895C	exact:bc6e15da5a72ab85
slus_012_79:0x8001b530	member	bin_kof_pa0p	0x80128ee0	game_8012895C	exact:bc6e15da5a72ab85
slus_012_79:0x8001b530	member	bin_kof_pa0p	0x80129020	game_8012895C	exact:bc6e15da5a72ab85
slus_012_79:0x8001b530	member	bin_kof_pa0p	0x801295f4	game_8012895C	exact:bc6e15da5a72ab85
slus_012_79:0x8001b530	member	bin_kof_pa1p	0x800d095c	game_800D095C	exact:bc6e15da5a72ab85
slus_012_79:0x8001b530	member	bin_kof_pa1p	0x800d0ee0	game_800D095C	exact:bc6e15da5a72ab85
slus_012_79:0x8001b530	member	bin_kof_pa1p	0x800d1020	game_800D095C	exact:bc6e15da5a72ab85
slus_012_79:0x8001b530	member	bin_kof_pa1p	0x800d15f4	game_800D095C	exact:bc6e15da5a72ab85
slus_012_79:0x8001b530	member	bin_wep00	0x8017fce4	game_8017FCE4	exact:bc6e15da5a72ab85
slus_012_79:0x8001b530	member	bin_wep00	0x8017fd38	game_8017FCE4	exact:bc6e15da5a72ab85
slus_012_79:0x8001b530	member	bin_wep00	0x8017fd40	game_8017FCE4	exact:bc6e15da5a72ab85
slus_012_79:0x8001b530	member	bin_wep01	0x801800ec	game_801800EC	exact:bc6e15da5a72ab85
slus_012_79:0x8001b530	member	bin_wep02	0x80180164	game_80180164	exact:bc6e15da5a72ab85
slus_012_79:0x8001b530	member	bin_wep03	0x801800e0	game_801800E0	exact:bc6e15da5a72ab85
slus_012_79:0x8001b530	member	bin_wep04	0x8017ff48	game_8017FF48	exact:bc6e15da5a72ab85
slus_012_79:0x8001b530	member	bin_wep05	0x8017fdf0	game_8017FDF0	exact:bc6e15da5a72ab85
slus_012_79:0x8001b530	member	bin_wep06	0x801801e8	game_801801E8	exact:bc6e15da5a72ab85
slus_012_79:0x8001b530	member	bin_wep07	0x801802f8	game_801802F8	exact:bc6e15da5a72ab85
slus_012_79:0x8001b530	member	bin_wep08	0x801800c0	game_801800C0	exact:bc6e15da5a72ab85
slus_012_79:0x8001b530	member	bin_wep09	0x80180510	game_80180510	exact:bc6e15da5a72ab85
slus_012_79:0x8001b530	member	bin_wep0a	0x8017fc58	game_8017FC58	exact:bc6e15da5a72ab85
slus_012_79:0x8001b530	member	bin_wep0b	0x8017fdec	game_8017FDEC	exact:bc6e15da5a72ab85
slus_012_79:0x8001b530	member	bin_wep0c	0x8017fbc4	game_8017FBC4	exact:bc6e15da5a72ab85
slus_012_79:0x8001b530	member	bin_wep0c	0x8017fbcc	game_8017FBC4	exact:bc6e15da5a72ab85
slus_012_79:0x8001b530	member	bin_wep0d	0x801225c4	game_801225C4	exact:bc6e15da5a72ab85
slus_012_79:0x8001b530	member	bin_wep0d	0x801225cc	game_801225C4	exact:bc6e15da5a72ab85
slus_012_79:0x8001b530	member	bin_wep0e	0x80122348	game_80122348	exact:bc6e15da5a72ab85
slus_012_79:0x8001b530	member	bin_wep0e	0x80122350	game_80122348	exact:bc6e15da5a72ab85
slus_012_79:0x8001b530	member	bin_wep0f	0x80120b2c	game_80120B2C	exact:bc6e15da5a72ab85
slus_012_79:0x8001b530	member	bin_wep0f	0x801211c0	game_80120B2C	exact:bc6e15da5a72ab85
slus_012_79:0x8001b530	member	bin_wep0f	0x801218cc	game_80120B2C	exact:bc6e15da5a72ab85
slus_012_79:0x8001b530	member	bin_wep0f	0x801219a8	game_80120B2C	exact:bc6e15da5a72ab85
slus_012_79:0x8001b530	member	bin_wep0f	0x80121a74	game_80120B2C	exact:bc6e15da5a72ab85
slus_012_79:0x8001b530	member	bin_wep0f	0x80121fe0	game_80120B2C	exact:bc6e15da5a72ab85
slus_012_79:0x8001b530	member	bin_wep0f	0x80122dec	game_80120B2C	exact:bc6e15da5a72ab85
slus_012_79:0x8001b530	member	bin_wep0f	0x80123008	game_80120B2C	exact:bc6e15da5a72ab85
slus_012_79:0x8001b530	member	bin_wep0f	0x80123010	game_80120B2C	exact:bc6e15da5a72ab85
slus_012_79:0x8001b530	member	bin_wep10	0x80120dc0	game_80120DC0	exact:bc6e15da5a72ab85
slus_012_79:0x8001b530	member	bin_wep10	0x801216e8	game_80120DC0	exact:bc6e15da5a72ab85
slus_012_79:0x8001b530	member	bin_wep10	0x80121794	game_80120DC0	exact:bc6e15da5a72ab85
slus_012_79:0x8001b530	member	bin_wep10	0x801228f8	game_80120DC0	exact:bc6e15da5a72ab85
slus_012_79:0x8001b530	member	bin_wep10	0x801229b0	game_80120DC0	exact:bc6e15da5a72ab85
slus_012_79:0x8001b530	member	bin_wep10	0x801229b8	game_80120DC0	exact:bc6e15da5a72ab85
slus_012_79:0x8001b530	member	bin_wep11	0x80120aa8	game_80120AA8	exact:bc6e15da5a72ab85
slus_012_79:0x8001b530	member	bin_wep11	0x80121c14	game_80120AA8	exact:bc6e15da5a72ab85
slus_012_79:0x8001b530	member	bin_wep11	0x80121c2c	game_80120AA8	exact:bc6e15da5a72ab85
slus_012_79:0x8001b530	member	bin_wep11	0x80121c34	game_80120AA8	exact:bc6e15da5a72ab85
slus_012_79:0x8001b530	member	bin_wep12	0x80120b78	game_80120B78	exact:bc6e15da5a72ab85
slus_012_79:0x8001b530	member	bin_wep12	0x801210fc	game_80120B78	exact:bc6e15da5a72ab85
slus_012_79:0x8001b530	member	bin_wep12	0x8012123c	game_80120B78	exact:bc6e15da5a72ab85
slus_012_79:0x8001b530	member	bin_wep12	0x80121810	game_80120B78	exact:bc6e15da5a72ab85
slus_012_79:0x8001b530	member	bin_wep12	0x80121bf4	game_80120B78	exact:bc6e15da5a72ab85
slus_012_79:0x8001b530	member	bin_wep12	0x80121bfc	game_80120B78	exact:bc6e15da5a72ab85
slus_012_79:0x8001b530	member	bin_wep13	0x80120b1c	game_80120B1C	exact:bc6e15da5a72ab85
slus_012_79:0x8001b530	member	bin_wep13	0x80120f70	game_80120B1C	exact:bc6e15da5a72ab85
slus_012_79:0x8001b530	member	bin_wep13	0x80121044	game_80120B1C	exact:bc6e15da5a72ab85
slus_012_79:0x8001b530	member	bin_wep13	0x80121c60	game_80120B1C	exact:bc6e15da5a72ab85
slus_012_79:0x8001b530	member	bin_wep13	0x80121c78	game_80120B1C	exact:bc6e15da5a72ab85
slus_012_79:0x8001b530	member	bin_wep13	0x80121c80	game_80120B1C	exact:bc6e15da5a72ab85
slus_012_79:0x8001b530	member	bin_wep_s05	0x80180f10	game_80180F10	exact:bc6e15da5a72ab85
slus_012_79:0x8001b530	member	bin_wep_s05	0x801810a8	game_80180F10	exact:bc6e15da5a72ab85
slus_012_79:0x8001b530	member	psx_bin_logo	0x800d5b84	game_800D5B84	exact:bc6e15da5a72ab85
slus_012_79:0x8001b530	member	psx_bin_st1	0x800d6ec8	game_800D6EC8	exact:bc6e15da5a72ab85
slus_012_79:0x8001b530	member	psx_bin_st1	0x800d7a04	game_800D6EC8	exact:bc6e15da5a72ab85
slus_012_79:0x8001b530	member	psx_bin_st1	0x800d83fc	game_800D6EC8	exact:bc6e15da5a72ab85
slus_012_79:0x8001b530	member	psx_bin_st1	0x800d9070	game_800D9070	exact:bc6e15da5a72ab85
slus_012_79:0x8001b530	member	psx_bin_st2	0x800d5f00	game_800D5F00	exact:bc6e15da5a72ab85
slus_012_79:0x8001b530	member	psx_bin_st2	0x800d691c	game_800D5F00	exact:bc6e15da5a72ab85
slus_012_79:0x8001b530	member	psx_bin_st2	0x800d71a0	game_800D5F00	exact:bc6e15da5a72ab85
slus_012_79:0x8001b530	member	psx_bin_st3	0x800d7214	game_800D7214	exact:bc6e15da5a72ab85
slus_012_79:0x8001b530	member	psx_bin_st3	0x800d7e74	game_800D7214	exact:bc6e15da5a72ab85
slus_012_79:0x8001b530	member	psx_bin_st4	0x800d85fc	game_800D85FC	exact:bc6e15da5a72ab85
slus_012_79:0x8001b530	member	psx_bin_st5	0x800d5fa8	game_800D5FA8	exact:bc6e15da5a72ab85
slus_012_79:0x8001b530	member	psx_bin_st6	0x800d5f0c	game_800D5C40	exact:bc6e15da5a72ab85
slus_012_79:0x8001b530	member	psx_bin_st6	0x800d64cc	game_800D5C40	exact:bc6e15da5a72ab85
slus_012_79:0x8001b530	member	psx_bin_st7	0x800d7434	game_800D7434	exact:bc6e15da5a72ab85
slus_012_79:0x8001b530	member	psx_bin_st8	0x800d66d4	game_800D66D4	exact:bc6e15da5a72ab85
slus_012_79:0x8001b530	member	psx_bin_st8	0x800d76c4	game_800D76C4	exact:bc6e15da5a72ab85
slus_012_79:0x8001b530	member	psx_bin_st8	0x800d99dc	game_800D76C4	exact:bc6e15da5a72ab85
slus_012_79:0x8001b530	member	psx_bin_st8	0x800da550	game_800DA550	exact:bc6e15da5a72ab85
slus_012_79:0x8001b530	member	psx_bin_st8	0x800da558	game_800DA550	exact:bc6e15da5a72ab85
slus_012_79:0x8001b530	member	psx_bin_st9	0x800dbb88	game_800DB960	exact:bc6e15da5a72ab85
slus_012_79:0x8001b530	member	psx_bin_st9	0x800de040	game_800DB960	exact:bc6e15da5a72ab85
slus_012_79:0x8001b530	member	psx_bin_st9	0x800de424	game_800DB960	exact:bc6e15da5a72ab85
slus_012_79:0x8001b530	member	psx_bin_st9	0x800de7e4	game_800DB960	exact:bc6e15da5a72ab85
slus_012_79:0x8001b530	member	slus_012_79	0x800205ec	game_800205EC	exact:bc6e15da5a72ab85
slus_012_79:0x8001b530	member	slus_012_79	0x80020620	game_800205EC	exact:bc6e15da5a72ab85
slus_012_79:0x8001b530	member	slus_012_79	0x80023e54	game_80023E54	exact:bc6e15da5a72ab85
slus_012_79:0x8001b530	member	slus_012_79	0x800266d4	game_800266D4	exact:bc6e15da5a72ab85
slus_012_79:0x8001b530	member	slus_012_79	0x8002b378	game_8002B378	exact:bc6e15da5a72ab85
slus_012_79:0x8001b530	member	slus_012_79	0x8002b7d8	game_8002B7D8	exact:bc6e15da5a72ab85
slus_012_79:0x8001b530	member	slus_012_79	0x8002ec30	game_8002EC30	exact:bc6e15da5a72ab85
slus_012_79:0x8001b530	member	slus_012_79	0x8003a410	game_80039978	exact:bc6e15da5a72ab85
slus_012_79:0x8001b530	member	slus_012_79	0x8003e230	game_8003DD34	exact:bc6e15da5a72ab85
slus_012_79:0x8001b530	member	slus_012_79	0x8003e63c	game_8003DD34	exact:bc6e15da5a72ab85
slus_012_79:0x8001b530	member	slus_012_79	0x8003eb18	game_8003DD34	exact:bc6e15da5a72ab85
slus_012_79:0x8001b530	member	slus_012_79	0x800428d0	game_8003DD34	exact:bc6e15da5a72ab85
slus_012_79:0x8001b530	member	slus_012_79	0x80052654	game_8004B8E8	exact:bc6e15da5a72ab85
slus_012_79:0x8001b530	member	slus_012_79	0x8005ffb8	game_80057F48	exact:bc6e15da5a72ab85
slus_012_79:0x8001b530	member	slus_012_79	0x800604ec	game_80057F48	exact:bc6e15da5a72ab85
slus_012_79:0x8001b530	member	slus_012_79	0x80060a24	game_80057F48	exact:bc6e15da5a72ab85
slus_012_79:0x8001b530	member	slus_012_79	0x80064bb0	game_80057F48	exact:bc6e15da5a72ab85
slus_012_79:0x8001b530	member	slus_012_79	0x80065f40	game_80057F48	exact:bc6e15da5a72ab85
slus_012_79:0x8001b530	member	slus_012_79	0x8006605c	game_80057F48	exact:bc6e15da5a72ab85
slus_012_79:0x8001b530	member	slus_012_79	0x80066064	game_80057F48	exact:bc6e15da5a72ab85
slus_012_79:0x8001b530	member	slus_012_79	0x8006606c	game_80057F48	exact:bc6e15da5a72ab85
slus_012_79:0x8001b530	member	slus_012_79	0x8006e3ac	game_800662B8	exact:bc6e15da5a72ab85
slus_012_79:0x8001ea54	exemplar	slus_012_79	0x8001ea54	game_8001EA54	exact:7f693e46b2295478
slus_012_79:0x8001ea54	member	bin_e00	0x800d0b0c	game_800D0B0C	exact:7f693e46b2295478
slus_012_79:0x8001ea54	member	bin_e00	0x800d1dfc	game_800D0B0C	exact:7f693e46b2295478
slus_012_79:0x8001ea54	member	bin_e10	0x800d0860	game_800D0860	exact:7f693e46b2295478
slus_012_79:0x8001ea54	member	bin_e20	0x800d0068	game_800D0068	exact:7f693e46b2295478
slus_012_79:0x8001ea54	member	bin_e20	0x800d069c	game_800D0068	exact:7f693e46b2295478
slus_012_79:0x8001ea54	member	bin_e30	0x800d06b8	game_800D06B8	exact:7f693e46b2295478
slus_012_79:0x8001ea54	member	bin_e30	0x800d1094	game_800D06B8	exact:7f693e46b2295478
slus_012_79:0x8001ea54	member	bin_e30	0x800d1184	game_800D06B8	exact:7f693e46b2295478
slus_012_79:0x8001ea54	member	bin_e30	0x800d12c8	game_800D06B8	exact:7f693e46b2295478
slus_012_79:0x8001ea54	member	bin_e30	0x800d140c	game_800D06B8	exact:7f693e46b2295478
slus_012_79:0x8001ea54	member	bin_e31	0x800d00b8	game_800D00B8	exact:7f693e46b2295478
slus_012_79:0x8001ea54	member	bin_e31	0x800d0738	game_800D00B8	exact:7f693e46b2295478
slus_012_79:0x8001ea54	member	bin_e32	0x800d0088	game_800D0088	exact:7f693e46b2295478
slus_012_79:0x8001ea54	member	bin_e32	0x800d06f8	game_800D0088	exact:7f693e46b2295478
slus_012_79:0x8001ea54	member	bin_e32	0x800d2830	game_800D0A5C	exact:7f693e46b2295478
slus_012_79:0x8001ea54	member	bin_e32	0x800d2eb0	game_800D0A5C	exact:7f693e46b2295478
slus_012_79:0x8001ea54	member	bin_e40	0x800d074c	game_800D074C	exact:7f693e46b2295478
slus_012_79:0x8001ea54	member	bin_e50	0x800d0750	game_800D0750	exact:7f693e46b2295478
slus_012_79:0x8001ea54	member	bin_e60	0x800d07b8	game_800D07B8	exact:7f693e46b2295478
slus_012_79:0x8001ea54	member	bin_e70	0x800d0818	game_800D0818	exact:7f693e46b2295478
slus_012_79:0x8001ea54	member	bin_e80	0x800d0698	game_800D0698	exact:7f693e46b2295478
slus_012_79:0x8001ea54	member	bin_e90	0x800d098c	game_800D098C	exact:7f693e46b2295478
slus_012_79:0x8001ea54	member	bin_e90	0x800d10d4	game_800D0CB8	exact:7f693e46b2295478
slus_012_79:0x8001ea54	member	bin_ea0	0x800d02b4	game_800D02B4	exact:7f693e46b2295478
slus_012_79:0x8001ea54	member	bin_ea0	0x800d0444	game_800D03E4	exact:7f693e46b2295478
slus_012_79:0x8001ea54	member	bin_wep0c	0x8017fa64	game_8017FA64	exact:7f693e46b2295478
slus_012_79:0x8001ea54	member	psx_bin_st4	0x800d766c	game_800D766C	exact:7f693e46b2295478
slus_012_79:0x8001ea54	member	psx_bin_st4	0x800d8a38	game_800D8A38	exact:7f693e46b2295478
slus_012_79:0x8001ea54	member	psx_bin_st4	0x800d8d1c	game_800D8A38	exact:7f693e46b2295478
slus_012_79:0x8001ea54	member	psx_bin_st7	0x800d7a84	game_800D7A84	exact:7f693e46b2295478
slus_012_79:0x8001ea54	member	psx_bin_st8	0x800da560	game_800DA560	exact:7f693e46b2295478
slus_012_79:0x8001ea54	member	psx_bin_st9	0x800dbb90	game_800DB960	exact:7f693e46b2295478
slus_012_79:0x8001ea54	member	slus_012_79	0x8003e77c	game_8003DD34	exact:7f693e46b2295478
slus_012_79:0x8001ea54	member	slus_012_79	0x8004b428	game_800458F0	exact:7f693e46b2295478
slus_012_79:0x8001ea54	member	slus_012_79	0x8004b448	game_800458F0	exact:7f693e46b2295478
slus_012_79:0x8001ea54	member	slus_012_79	0x8004b468	game_800458F0	exact:7f693e46b2295478
slus_012_79:0x8001ea54	member	slus_012_79	0x8004b488	game_800458F0	exact:7f693e46b2295478
slus_012_79:0x8001ea54	member	slus_012_79	0x8004b4a8	game_800458F0	exact:7f693e46b2295478
slus_012_79:0x800264ac	exemplar	slus_012_79	0x800264ac	game_800264AC	exact:b8f6499c0d40b4b9
slus_012_79:0x800264ac	member	psx_bin_st6	0x800d5cf0	game_800D5C40	exact:b8f6499c0d40b4b9
slus_012_79:0x80026a50	exemplar	slus_012_79	0x80026a50	game_80026A50	exact:ee72e949e43887a0
slus_012_79:0x80026a50	member	bin_e30	0x800d08f8	game_800D06B8	exact:ee72e949e43887a0
slus_012_79:0x80026a50	member	slus_012_79	0x80026be0	game_80026BE0	exact:ee72e949e43887a0
slus_012_79:0x8002b3e0	exemplar	slus_012_79	0x8002b3e0	game_8002B3E0	exact:63c396c8f6d71546
slus_012_79:0x8002b3e0	member	bin_e10	0x800d07e8	game_800D07E8	exact:63c396c8f6d71546
slus_012_79:0x8002b3e0	member	bin_e10	0x800d0824	game_800D07E8	exact:63c396c8f6d71546
slus_012_79:0x8002b3e0	member	bin_e20	0x800d0624	game_800D0068	exact:63c396c8f6d71546
slus_012_79:0x8002b3e0	member	bin_e20	0x800d0660	game_800D0068	exact:63c396c8f6d71546
slus_012_79:0x8002b3e0	member	bin_e30	0x800d0640	game_800D0640	exact:63c396c8f6d71546
slus_012_79:0x8002b3e0	member	bin_e30	0x800d067c	game_800D0640	exact:63c396c8f6d71546
slus_012_79:0x8002b3e0	member	bin_e31	0x800d06c0	game_800D00B8	exact:63c396c8f6d71546
slus_012_79:0x8002b3e0	member	bin_e31	0x800d06fc	game_800D00B8	exact:63c396c8f6d71546
slus_012_79:0x8002b3e0	member	bin_e32	0x800d0680	game_800D0088	exact:63c396c8f6d71546
slus_012_79:0x8002b3e0	member	bin_e32	0x800d06bc	game_800D0088	exact:63c396c8f6d71546
slus_012_79:0x8002b3e0	member	bin_e32	0x800d2e38	game_800D0A5C	exact:63c396c8f6d71546
slus_012_79:0x8002b3e0	member	bin_e32	0x800d2e74	game_800D0A5C	exact:63c396c8f6d71546
slus_012_79:0x8002b3e0	member	bin_e40	0x800d06d4	game_800D06D4	exact:63c396c8f6d71546
slus_012_79:0x8002b3e0	member	bin_e40	0x800d0710	game_800D06D4	exact:63c396c8f6d71546
slus_012_79:0x8002b3e0	member	bin_e50	0x800d06d8	game_800D06D8	exact:63c396c8f6d71546
slus_012_79:0x8002b3e0	member	bin_e50	0x800d0714	game_800D06D8	exact:63c396c8f6d71546
slus_012_79:0x8002b3e0	member	bin_e60	0x800d0740	game_800D0740	exact:63c396c8f6d71546
slus_012_79:0x8002b3e0	member	bin_e60	0x800d077c	game_800D0740	exact:63c396c8f6d71546
slus_012_79:0x8002b3e0	member	bin_e70	0x800d07a0	game_800D07A0	exact:63c396c8f6d71546
slus_012_79:0x8002b3e0	member	bin_e70	0x800d07dc	game_800D07A0	exact:63c396c8f6d71546
slus_012_79:0x8002b3e0	member	bin_e80	0x800d0620	game_800D0620	exact:63c396c8f6d71546
slus_012_79:0x8002b3e0	member	bin_e80	0x800d065c	game_800D0620	exact:63c396c8f6d71546
slus_012_79:0x8002b3e0	member	bin_ea0	0x800d023c	game_800D023C	exact:63c396c8f6d71546
slus_012_79:0x8002b3e0	member	bin_ea0	0x800d0278	game_800D023C	exact:63c396c8f6d71546
slus_012_79:0x8002b3e0	member	bin_kof_p00p	0x8012899c	game_8012899C	exact:63c396c8f6d71546
slus_012_79:0x8002b3e0	member	bin_kof_p01p	0x800d099c	game_800D099C	exact:63c396c8f6d71546
slus_012_79:0x8002b3e0	member	bin_kof_p10p	0x8012866c	game_8012866C	exact:63c396c8f6d71546
slus_012_79:0x8002b3e0	member	bin_kof_p10p	0x801286a8	game_8012866C	exact:63c396c8f6d71546
slus_012_79:0x8002b3e0	member	bin_kof_p11p	0x800d066c	game_800D066C	exact:63c396c8f6d71546
slus_012_79:0x8002b3e0	member	bin_kof_p11p	0x800d06a8	game_800D066C	exact:63c396c8f6d71546
slus_012_79:0x8002b3e0	member	bin_kof_p50p	0x801284e4	game_801284E4	exact:63c396c8f6d71546
slus_012_79:0x8002b3e0	member	bin_kof_p50p	0x80128520	game_801284E4	exact:63c396c8f6d71546
slus_012_79:0x8002b3e0	member	bin_kof_p51p	0x800d04e4	game_800D04E4	exact:63c396c8f6d71546
slus_012_79:0x8002b3e0	member	bin_kof_p51p	0x800d0520	game_800D04E4	exact:63c396c8f6d71546
slus_012_79:0x8002b3e0	member	bin_kof_p60p	0x801284c0	game_801284C0	exact:63c396c8f6d71546
slus_012_79:0x8002b3e0	member	bin_kof_p60p	0x801284fc	game_801284C0	exact:63c396c8f6d71546
slus_012_79:0x8002b3e0	member	bin_kof_p61p	0x800d04c0	game_800D04C0	exact:63c396c8f6d71546
slus_012_79:0x8002b3e0	member	bin_kof_p61p	0x800d04fc	game_800D04C0	exact:63c396c8f6d71546
slus_012_79:0x8002b3e0	member	bin_kof_p70p	0x80128480	game_80128480	exact:63c396c8f6d71546
slus_012_79:0x8002b3e0	member	bin_kof_p70p	0x801284bc	game_80128480	exact:63c396c8f6d71546
slus_012_79:0x8002b3e0	member	bin_kof_p71p	0x800d0480	game_800D0480	exact:63c396c8f6d71546
slus_012_79:0x8002b3e0	member	bin_kof_p71p	0x800d04bc	game_800D0480	exact:63c396c8f6d71546
slus_012_79:0x8002b3e0	member	bin_kof_p90p	0x801289ec	game_801289EC	exact:63c396c8f6d71546
slus_012_79:0x8002b3e0	member	bin_kof_p91p	0x800d09ec	game_800D09EC	exact:63c396c8f6d71546
slus_012_79:0x8002b3e0	member	bin_kof_pa0p	0x80128540	game_80128540	exact:63c396c8f6d71546
slus_012_79:0x8002b3e0	member	bin_kof_pa0p	0x8012857c	game_80128540	exact:63c396c8f6d71546
slus_012_79:0x8002b3e0	member	bin_kof_pa1p	0x800d0540	game_800D0540	exact:63c396c8f6d71546
slus_012_79:0x8002b3e0	member	bin_kof_pa1p	0x800d057c	game_800D0540	exact:63c396c8f6d71546
slus_012_79:0x8002b3e0	member	bin_wep0d	0x80120a94	game_80120A94	exact:63c396c8f6d71546
slus_012_79:0x8002b3e0	member	bin_wep0e	0x80120ad8	game_80120AD8	exact:63c396c8f6d71546
slus_012_79:0x8002b3e0	member	bin_wep0f	0x801206c8	game_801206C8	exact:63c396c8f6d71546
slus_012_79:0x8002b3e0	member	bin_wep0f	0x80120704	game_801206C8	exact:63c396c8f6d71546
slus_012_79:0x8002b3e0	member	bin_wep10	0x80120874	game_80120874	exact:63c396c8f6d71546
slus_012_79:0x8002b3e0	member	bin_wep10	0x801208b0	game_80120874	exact:63c396c8f6d71546
slus_012_79:0x8002b3e0	member	bin_wep11	0x80120688	game_80120688	exact:63c396c8f6d71546
slus_012_79:0x8002b3e0	member	bin_wep11	0x801206c4	game_80120688	exact:63c396c8f6d71546
slus_012_79:0x8002b3e0	member	bin_wep12	0x8012075c	game_8012075C	exact:63c396c8f6d71546
slus_012_79:0x8002b3e0	member	bin_wep12	0x80120798	game_8012075C	exact:63c396c8f6d71546
slus_012_79:0x8002b3e0	member	bin_wep13	0x801206ec	game_801206EC	exact:63c396c8f6d71546
slus_012_79:0x8002b3e0	member	bin_wep13	0x80120728	game_801206EC	exact:63c396c8f6d71546
slus_012_79:0x8002b3e0	member	psx_bin_st1	0x800d5fd0	game_800D5FD0	exact:63c396c8f6d71546
slus_012_79:0x8002b3e0	member	psx_bin_st1	0x800d7a0c	game_800D6EC8	exact:63c396c8f6d71546
slus_012_79:0x8002b3e0	member	psx_bin_st2	0x800d5f08	game_800D5F00	exact:63c396c8f6d71546
slus_012_79:0x8002b3e0	member	psx_bin_st2	0x800d6924	game_800D5F00	exact:63c396c8f6d71546
slus_012_79:0x8002b3e0	member	psx_bin_st2	0x800d6b58	game_800D5F00	exact:63c396c8f6d71546
slus_012_79:0x8002b3e0	member	psx_bin_st4	0x800d5cb4	game_800D5CB4	exact:63c396c8f6d71546
slus_012_79:0x8002b3e0	member	psx_bin_st4	0x800d6fc8	game_800D5CB4	exact:63c396c8f6d71546
slus_012_79:0x8002b3e0	member	psx_bin_st4	0x800d712c	game_800D5CB4	exact:63c396c8f6d71546
slus_012_79:0x8002b3e0	member	psx_bin_st4	0x800d83e8	game_800D83E8	exact:63c396c8f6d71546
slus_012_79:0x8002b3e0	member	psx_bin_st6	0x800d64d4	game_800D5C40	exact:63c396c8f6d71546
slus_012_79:0x8002b3e0	member	psx_bin_st6	0x800d6708	game_800D5C40	exact:63c396c8f6d71546
slus_012_79:0x8002b3e0	member	psx_bin_st7	0x800d743c	game_800D743C	exact:63c396c8f6d71546
slus_012_79:0x8002b3e0	member	psx_bin_st7	0x800d7670	game_800D743C	exact:63c396c8f6d71546
slus_012_79:0x8002b3e0	member	psx_bin_st8	0x800d76cc	game_800D76C4	exact:63c396c8f6d71546
slus_012_79:0x8002b3e0	member	slus_012_79	0x8003e740	game_8003DD34	exact:63c396c8f6d71546
slus_012_79:0x8002d78c	exemplar	slus_012_79	0x8002d78c	game_8002D78C	exact:ee62a901dec4e0f4
slus_012_79:0x8002d78c	member	bin_wep01	0x8017e520	game_8017E520	exact:ee62a901dec4e0f4
slus_012_79:0x8002d78c	member	bin_wep02	0x8017e540	game_8017E540	exact:ee62a901dec4e0f4
slus_012_79:0x8002d78c	member	bin_wep06	0x8017e544	game_8017E544	exact:ee62a901dec4e0f4
slus_012_79:0x8002d78c	member	bin_wep07	0x8017e55c	game_8017E55C	exact:ee62a901dec4e0f4
slus_012_79:0x8002d78c	member	bin_wep08	0x8017e53c	game_8017E53C	exact:ee62a901dec4e0f4
slus_012_79:0x8002d78c	member	bin_wep09	0x8017e528	game_8017E528	exact:ee62a901dec4e0f4
slus_012_79:0x8002d78c	member	bin_wep0b	0x8017e518	game_8017E518	exact:ee62a901dec4e0f4
slus_012_79:0x8002d78c	member	bin_wep_s05	0x80180d04	game_80180D04	exact:ee62a901dec4e0f4
slus_012_79:0x8002d78c	member	psx_bin_st6	0x800d5868	game_800D5868	exact:ee62a901dec4e0f4
slus_012_79:0x8002d78c	member	psx_bin_st7	0x800d5868	game_800D5868	exact:ee62a901dec4e0f4
slus_012_79:0x8002d78c	member	psx_bin_st8	0x800d66dc	game_800D66DC	exact:ee62a901dec4e0f4
slus_012_79:0x8002d78c	member	slus_012_79	0x8002dba0	game_8002DBA0	exact:ee62a901dec4e0f4
slus_012_79:0x8002d78c	member	slus_012_79	0x8002e1d4	game_8002E1D4	exact:ee62a901dec4e0f4
slus_012_79:0x8002e18c	exemplar	slus_012_79	0x8002e18c	game_8002E18C	exact:632c258adc75b4c1
slus_012_79:0x8002e18c	member	slus_012_79	0x8002e6cc	game_8002E6CC	exact:632c258adc75b4c1
slus_012_79:0x8002e920	exemplar	slus_012_79	0x8002e920	game_8002E920	exact:cae5a3574e0bac98
slus_012_79:0x8002e920	member	psx_bin_st4	0x800d89b4	game_800D89B4	exact:cae5a3574e0bac98
slus_012_79:0x8002e920	member	psx_bin_st9	0x800dde24	game_800DB960	exact:cae5a3574e0bac98
slus_012_79:0x800436c8	exemplar	slus_012_79	0x800436c8	game_8003DD34	exact:78c0b834f1eb3272
slus_012_79:0x800436c8	member	slus_012_79	0x8004a0f8	game_800458F0	exact:78c0b834f1eb3272
slus_012_79:0x80047958	exemplar	slus_012_79	0x80047958	game_800458F0	exact:4c8a70a0d8e81f05
slus_012_79:0x80047958	member	psx_bin_st1	0x800d68dc	game_800D68DC	exact:4c8a70a0d8e81f05
slus_012_79:0x80047958	member	psx_bin_st3	0x800d7888	game_800D7214	exact:4c8a70a0d8e81f05
slus_012_79:0x80047958	member	psx_bin_st4	0x800d9480	game_800D9480	exact:4c8a70a0d8e81f05
slus_012_79:0x80047958	member	psx_bin_st7	0x800d6094	game_800D6094	exact:4c8a70a0d8e81f05
slus_012_79:0x80047958	member	psx_bin_st8	0x800d5e50	game_800D5E50	exact:4c8a70a0d8e81f05
slus_012_79:0x80047958	member	psx_bin_st9	0x800dd808	game_800DB960	exact:4c8a70a0d8e81f05
slus_012_79:0x8005a34c	exemplar	slus_012_79	0x8005a34c	game_80057F48	exact:396404682c8b27cc
slus_012_79:0x8005a34c	member	bin_title2	0x800d659c	game_800D659C	exact:396404682c8b27cc
slus_012_79:0x8005ecb4	exemplar	slus_012_79	0x8005ecb4	game_80057F48	exact:87d6f9382b2202c3
slus_012_79:0x8005ecb4	member	slus_012_79	0x8005efe4	game_80057F48	exact:87d6f9382b2202c3
slus_012_79:0x8005ecb4	member	slus_012_79	0x80061cfc	game_80057F48	exact:87d6f9382b2202c3
slus_012_79:0x8005ecb4	member	slus_012_79	0x800637d0	game_80057F48	exact:87d6f9382b2202c3
slus_012_79:0x800610a0	exemplar	slus_012_79	0x800610a0	game_80057F48	exact:538f0c43c90540b2
slus_012_79:0x800610a0	member	slus_012_79	0x8006113c	game_80057F48	exact:538f0c43c90540b2
slus_012_79:0x800610a0	member	slus_012_79	0x8006393c	game_80057F48	exact:538f0c43c90540b2
slus_012_79:0x800661fc	exemplar	slus_012_79	0x800661fc	game_800661FC	exact:d7af3374659bb34c
slus_012_79:0x800661fc	member	psx_bin_st5	0x800d6148	game_800D6148	exact:d7af3374659bb34c
slus_012_79:0x80066b80	exemplar	slus_012_79	0x80066b80	game_800662B8	exact:07ba541c54a0261d
slus_012_79:0x80066b80	member	psx_bin_st1	0x800d72d8	game_800D6EC8	exact:07ba541c54a0261d
