# config/journal.tsv -- per-attempt journal (T3, Phase 1.8): one row per drafted target attempt, keyed alias+start (hex, as in census). TAB-separated; outcome in banked|plateau|compile-error|no-verdict.
# alias	start	wave	route	outcome	label	note
slus_012_79	0x8008124c	M1	draft	plateau	SIZE-MISMATCH	apply-failed
psx_bin_st8	0x800da040	M1	draft	plateau	MATCH	apply-failed
psx_bin_st9	0x800dc094	M1	draft	plateau	REGALLOC-PERM	apply-failed
slus_012_79	0x8002219c	M1	draft	plateau	MATCH	apply-failed
psx_bin_st9	0x800d740c	M1	draft	plateau	LENGTH-DRIFT	apply-failed
slus_012_79	0x80053eac	M1	draft	plateau	OPCODE-MIXED	apply-failed
slus_012_79	0x80063cc4	M1	draft	plateau	MATCH	apply-failed
slus_012_79	0x8005e160	M1	draft	plateau	OPCODE-MIXED	apply-failed
slus_012_79	0x8002204c	M1	draft	plateau	MATCH	apply-failed
slus_012_79	0x80051998	M1	draft	plateau	OPCODE-MIXED	apply-failed
slus_012_79	0x80039654	M1	draft	plateau	MATCH	apply-failed
slus_012_79	0x8003d58c	M1	draft	plateau	MATCH	apply-failed
slus_012_79	0x80065004	M1	draft	plateau	MATCH	apply-failed
slus_012_79	0x80034d14	M1	draft	plateau	MATCH	apply-failed
slus_012_79	0x8003de8c	M1	draft	plateau	MATCH	apply-failed
slus_012_79	0x8003d2d4	M1	draft	plateau	MATCH	apply-failed
slus_012_79	0x8005c608	M1	draft	plateau	LENGTH-DRIFT	apply-failed
slus_012_79	0x80068ca0	M1	draft	plateau	LENGTH-DRIFT	apply-failed
slus_012_79	0x80064998	M1	draft	plateau	MATCH	apply-failed
slus_012_79	0x8004587c	M1	draft	plateau	MATCH	apply-failed
slus_012_79	0x8002be20	M1	draft	plateau	MATCH	apply-failed
psx_bin_st1	0x800d5990	M1	draft	plateau	MATCH	apply-failed
slus_012_79	0x8006c78c	M1	draft	plateau	REGALLOC-PERM	apply-failed
psx_bin_st9	0x800da16c	M1	draft	plateau	OPCODE-MIXED	apply-failed
slus_012_79	0x8005f088	M1	draft	plateau	MATCH	apply-failed
psx_bin_st1	0x800d9000	M1	draft	plateau	MATCH	apply-failed
slus_012_79	0x8004b7b8	M1	draft	plateau	MATCH	apply-failed
slus_012_79	0x80036e94	M1	draft	plateau	MATCH	apply-failed
slus_012_79	0x80057a8c	M1	draft	plateau	MATCH	apply-failed
slus_012_79	0x80054c58	M1	draft	plateau	LENGTH-DRIFT	apply-failed
