# config/ledger.tsv -- non-C ledger (Phase 1.8 T1). lib rows: generated by `tools/census.py --write-ledger`, one per
# census kind=lib row, basis = its config/boundaries.tsv lib-object extent; do not hand-edit them. handasm rows: added
# by hand, kept verbatim on regeneration; basis must cite evidence (no C prologue/ABI, cop0/gte-only, or a lib-pure
# dup class); a merely hard game function is never ledgered, it stays a stub. Addresses and our words only (G12).
# alias	start	end	ledger	basis
slus_012_79	0x8001b3b8	0x8001b458	lib	boundaries lib-object psyq470 NOHEAP.OBJ/NOHEAP.OBJ
slus_012_79	0x8001b458	0x8001b4c8	lib	boundaries lib-object psyq470 NOHEAP.OBJ/NOHEAP.OBJ
slus_012_79	0x8001b4c8	0x8001b530	lib	boundaries lib-object psyq470 NOHEAP.OBJ/NOHEAP.OBJ
slus_012_79	0x8006e514	0x8006e534	lib	boundaries lib-object psyq470 LIBSND.LIB/UT_ROFF.OBJ=>psyq470 LIBSPU.LIB/S_I.OBJ
slus_012_79	0x8006e534	0x8006e61c	lib	boundaries lib-object psyq470 LIBSPU.LIB/S_INI.OBJ
slus_012_79	0x8006e61c	0x8006e694	lib	boundaries lib-object psyq470 LIBSPU.LIB/S_INI.OBJ
slus_012_79	0x8006e694	0x8006e914	lib	boundaries lib-object psyq470 LIBSPU.LIB/SPU.OBJ
slus_012_79	0x8006e914	0x8006ead4	lib	boundaries lib-object psyq470 LIBSPU.LIB/SPU.OBJ
slus_012_79	0x8006ead4	0x8006eb90	lib	boundaries lib-object psyq470 LIBSPU.LIB/SPU.OBJ
slus_012_79	0x8006eb90	0x8006ec38	lib	boundaries lib-object psyq470 LIBSPU.LIB/SPU.OBJ
slus_012_79	0x8006ec38	0x8006eeb8	lib	boundaries lib-object psyq470 LIBSPU.LIB/SPU.OBJ
slus_012_79	0x8006eeb8	0x8006ef3c	lib	boundaries lib-object psyq470 LIBSPU.LIB/SPU.OBJ
slus_012_79	0x8006ef3c	0x8006efa0	lib	boundaries lib-object psyq470 LIBSPU.LIB/SPU.OBJ
slus_012_79	0x8006efa0	0x8006efe4	lib	boundaries lib-object psyq470 LIBSPU.LIB/SPU.OBJ
slus_012_79	0x8006efe4	0x8006f088	lib	boundaries lib-object psyq470 LIBSPU.LIB/SPU.OBJ
slus_012_79	0x8006f088	0x8006f0c4	lib	boundaries lib-object psyq470 LIBSPU.LIB/SPU.OBJ
slus_012_79	0x8006f0c4	0x8006f11c	lib	boundaries lib-object psyq470 LIBSPU.LIB/SPU.OBJ
slus_012_79	0x8006f11c	0x8006f144	lib	boundaries lib-object psyq470 LIBSPU.LIB/SPU.OBJ
slus_012_79	0x8006f144	0x8006f16c	lib	boundaries lib-object psyq470 LIBSPU.LIB/SPU.OBJ
slus_012_79	0x8006f16c	0x8006f1d4	lib	boundaries lib-object psyq470 LIBSPU.LIB/SPU.OBJ
slus_012_79	0x8006f234	0x8006f4f4	lib	boundaries lib-object psyq470 LIBSPU.LIB/S_SAV.OBJ
slus_012_79	0x8006f4f4	0x8006f5e4	lib	boundaries lib-object psyq470 LIBSPU.LIB/S_SR.OBJ
slus_012_79	0x8006f5e4	0x8006f664	lib	boundaries lib-object psyq470 LIBSPU.LIB/S_M_UTIL.OBJ
slus_012_79	0x8006f664	0x8006f6f4	lib	boundaries lib-object psyq470 LIBSPU.LIB/S_M_UTIL.OBJ
slus_012_79	0x8006f6f4	0x8006fbd4	lib	boundaries lib-object psyq470 LIBSPU.LIB/S_SRMP.OBJ
slus_012_79	0x8006fbd4	0x800700a4	lib	boundaries lib-object psyq470 LIBSPU.LIB/S_SRA.OBJ
slus_012_79	0x800700a4	0x800700f4	lib	boundaries lib-object psyq470 LIBSPU.LIB/S_RRWA.OBJ
slus_012_79	0x80070124	0x800702c4	lib	boundaries lib-object psyq470 LIBSPU.LIB/S_CRWA.OBJ
slus_012_79	0x800702c4	0x80070484	lib	boundaries lib-object psyq470 LIBSPU.LIB/S_SK.OBJ
slus_012_79	0x80070484	0x800704e4	lib	boundaries lib-object psyq470 LIBSPU.LIB/S_STSA.OBJ
slus_012_79	0x800704e4	0x80070514	lib	boundaries lib-object psyq470 LIBSPU.LIB/S_STM.OBJ
slus_012_79	0x80070514	0x800705a4	lib	boundaries lib-object psyq470 LIBSPU.LIB/S_WP.OBJ
slus_012_79	0x800705a4	0x80070654	lib	boundaries lib-object psyq470 LIBSPU.LIB/S_ITC.OBJ
slus_012_79	0x80070684	0x80070758	lib	boundaries lib-object psyq470 LIBSPU.LIB/SR_GAKS.OBJ
slus_012_79	0x80070758	0x800707e4	lib	boundaries lib-object psyq470 LIBSPU.LIB/SR_GAKS.OBJ
slus_012_79	0x800707e4	0x80070864	lib	boundaries lib-object psyq470 LIBSPU.LIB/S_SVV.OBJ
slus_012_79	0x80070864	0x800708d4	lib	boundaries lib-object psyq470 LIBSPU.LIB/S_SVP.OBJ
slus_012_79	0x800708d4	0x80070ed4	lib	boundaries lib-object psyq470 LIBSPU.LIB/S_SVA.OBJ
slus_012_79	0x80070ed4	0x80070fa4	lib	boundaries lib-object psyq470 LIBSPU.LIB/S_N2P.OBJ
slus_012_79	0x80070fa4	0x800710d4	lib	boundaries lib-object psyq470 LIBSPU.LIB/S_N2P.OBJ
slus_012_79	0x800710d4	0x80071454	lib	boundaries lib-object psyq470 LIBSPU.LIB/S_SCA.OBJ
slus_012_79	0x80071484	0x800715fc	lib	boundaries lib-object psyq470 LIBETC.LIB/VSYNC.OBJ
slus_012_79	0x800715fc	0x80071694	lib	boundaries lib-object psyq470 LIBETC.LIB/VSYNC.OBJ
slus_012_79	0x80071694	0x800716c4	lib	boundaries lib-object psyq470 LIBETC.LIB/INTR.OBJ
slus_012_79	0x800716c4	0x800716f4	lib	boundaries lib-object psyq470 LIBETC.LIB/INTR.OBJ
slus_012_79	0x800716f4	0x80071724	lib	boundaries lib-object psyq470 LIBETC.LIB/INTR.OBJ
slus_012_79	0x80071724	0x80071758	lib	boundaries lib-object psyq470 LIBETC.LIB/INTR.OBJ
slus_012_79	0x80071758	0x80071788	lib	boundaries lib-object psyq470 LIBETC.LIB/INTR.OBJ
slus_012_79	0x80071788	0x800717b8	lib	boundaries lib-object psyq470 LIBETC.LIB/INTR.OBJ
slus_012_79	0x800717b8	0x800717e8	lib	boundaries lib-object psyq470 LIBETC.LIB/INTR.OBJ
slus_012_79	0x800717e8	0x800717f8	lib	boundaries lib-object psyq470 LIBETC.LIB/INTR.OBJ
slus_012_79	0x800717f8	0x80071810	lib	boundaries lib-object psyq470 LIBETC.LIB/INTR.OBJ
slus_012_79	0x80071810	0x80071828	lib	boundaries lib-object psyq470 LIBETC.LIB/INTR.OBJ
slus_012_79	0x80071828	0x80071900	lib	boundaries lib-object psyq470 LIBETC.LIB/INTR.OBJ
slus_012_79	0x80071900	0x80071ad0	lib	boundaries lib-object psyq470 LIBETC.LIB/INTR.OBJ
slus_012_79	0x80071ad0	0x80071c18	lib	boundaries lib-object psyq470 LIBETC.LIB/INTR.OBJ
slus_012_79	0x80071c18	0x80071cb8	lib	boundaries lib-object psyq470 LIBETC.LIB/INTR.OBJ
slus_012_79	0x80071cb8	0x80071d30	lib	boundaries lib-object psyq470 LIBETC.LIB/INTR.OBJ
slus_012_79	0x80071d30	0x80071d54	lib	boundaries lib-object psyq470 LIBETC.LIB/INTR.OBJ
slus_012_79	0x80071d54	0x80071dac	lib	boundaries lib-object psyq470 LIBETC.LIB/INTR_VB.OBJ
slus_012_79	0x80071dac	0x80071e18	lib	boundaries lib-object psyq470 LIBETC.LIB/INTR_VB.OBJ
slus_012_79	0x80071e18	0x80071e44	lib	boundaries lib-object psyq470 LIBETC.LIB/INTR_VB.OBJ
slus_012_79	0x80071e44	0x80071e74	lib	boundaries lib-object psyq470 LIBETC.LIB/INTR_VB.OBJ
slus_012_79	0x80071e74	0x80071ec0	lib	boundaries lib-object psyq470 LIBETC.LIB/INTR_DMA.OBJ
slus_012_79	0x80071ec0	0x80072040	lib	boundaries lib-object psyq470 LIBETC.LIB/INTR_DMA.OBJ
slus_012_79	0x80072040	0x800720ec	lib	boundaries lib-object psyq470 LIBETC.LIB/INTR_DMA.OBJ
slus_012_79	0x800720ec	0x80072114	lib	boundaries lib-object psyq470 LIBETC.LIB/INTR_DMA.OBJ
slus_012_79	0x80072114	0x80072144	lib	boundaries lib-object psyq470 LIBCD.LIB/CDROM.OBJ
slus_012_79	0x80072144	0x800721a4	lib	boundaries lib-object psyq470 LIBCD.LIB/C_002.OBJ
slus_012_79	0x80072224	0x800722b4	lib	boundaries lib-object psyq470 LIBCD.LIB/C_005.OBJ
slus_012_79	0x800722b4	0x80072364	lib	boundaries lib-object psyq470 LIBCD.LIB/C_007.OBJ
slus_012_79	0x80072364	0x800723a4	lib	boundaries lib-object psyq470 LIBCD.LIB/C_008.OBJ
slus_012_79	0x800723a4	0x80072464	lib	boundaries lib-object psyq470 LIBCD.LIB/C_009.OBJ
slus_012_79	0x80072484	0x80072da0	lib	boundaries lib-object psyq470 LIBCD.LIB/C_011.OBJ
slus_012_79	0x80072da0	0x80072dcc	lib	boundaries lib-object psyq470 LIBCD.LIB/C_011.OBJ
slus_012_79	0x80072dcc	0x80072f74	lib	boundaries lib-object psyq470 LIBCD.LIB/C_011.OBJ
slus_012_79	0x80072f74	0x80073000	lib	boundaries lib-object psyq470 LIBCD.LIB/C_004.OBJ
slus_012_79	0x80073000	0x80073064	lib	boundaries lib-object psyq470 LIBCD.LIB/C_004.OBJ
slus_012_79	0x80073064	0x800730e4	lib	boundaries lib-object psyq470 LIBCD.LIB/SYS.OBJ=>psyq470 LIBDS.LIB/D3_006.OBJ
slus_012_79	0x800730e4	0x80073648	lib	boundaries lib-object psyq470 LIBCD.LIB/BIOS_1.OBJ
slus_012_79	0x80073648	0x800738c8	lib	boundaries lib-object psyq470 LIBCD.LIB/BIOS_1.OBJ
slus_012_79	0x800738c8	0x80073b90	lib	boundaries lib-object psyq470 LIBCD.LIB/BIOS_1.OBJ
slus_012_79	0x80073b90	0x80073f9c	lib	boundaries lib-object psyq470 LIBCD.LIB/BIOS_1.OBJ
slus_012_79	0x80073f9c	0x80074024	lib	boundaries lib-object psyq470 LIBCD.LIB/BIOS_1.OBJ
slus_012_79	0x80074024	0x800740f8	lib	boundaries lib-object psyq470 LIBCD.LIB/BIOS_1.OBJ
slus_012_79	0x800740f8	0x800741e8	lib	boundaries lib-object psyq470 LIBCD.LIB/BIOS_1.OBJ
slus_012_79	0x800741e8	0x80074234	lib	boundaries lib-object psyq470 LIBCD.LIB/BIOS_1.OBJ
slus_012_79	0x80074234	0x80074414	lib	boundaries lib-object psyq470 LIBCD.LIB/BIOS_1.OBJ
slus_012_79	0x80074414	0x8007457c	lib	boundaries lib-object psyq470 LIBCD.LIB/BIOS_1.OBJ
slus_012_79	0x8007457c	0x80074588	lib	boundaries lib-object psyq470 LIBCD.LIB/BIOS_1.OBJ
slus_012_79	0x80074588	0x80074664	lib	boundaries lib-object psyq470 LIBCD.LIB/BIOS_1.OBJ
slus_012_79	0x80074664	0x80074774	lib	boundaries lib-object psyq470 LIBCD.LIB/S_002.OBJ=>psyq470 LIBDS.LIB/D3_005.OBJ
slus_012_79	0x800747e4	0x80074814	lib	boundaries lib-object psyq470 LIBDS.LIB/DSSYS_2.OBJ
slus_012_79	0x80074814	0x80074900	lib	boundaries lib-object psyq470 LIBDS.LIB/DSSYS_2.OBJ
slus_012_79	0x80074900	0x80074960	lib	boundaries lib-object psyq470 LIBDS.LIB/DSSYS_2.OBJ
slus_012_79	0x80074960	0x800749e8	lib	boundaries lib-object psyq470 LIBDS.LIB/DSSYS_2.OBJ
slus_012_79	0x800749e8	0x80074bd8	lib	boundaries lib-object psyq470 LIBDS.LIB/DSSYS_2.OBJ
slus_012_79	0x80074bd8	0x80074c48	lib	boundaries lib-object psyq470 LIBDS.LIB/DSSYS_2.OBJ
slus_012_79	0x80074c48	0x80074e6c	lib	boundaries lib-object psyq470 LIBDS.LIB/DSSYS_2.OBJ
slus_012_79	0x80074e6c	0x80074ef8	lib	boundaries lib-object psyq470 LIBDS.LIB/DSSYS_2.OBJ
slus_012_79	0x80074ef8	0x8007503c	lib	boundaries lib-object psyq470 LIBDS.LIB/DSSYS_2.OBJ
slus_012_79	0x8007503c	0x80075148	lib	boundaries lib-object psyq470 LIBDS.LIB/DSSYS_2.OBJ
slus_012_79	0x80075148	0x800753bc	lib	boundaries lib-object psyq470 LIBDS.LIB/DSSYS_2.OBJ
slus_012_79	0x800753bc	0x800753f0	lib	boundaries lib-object psyq470 LIBDS.LIB/DSSYS_2.OBJ
slus_012_79	0x800753f0	0x80075790	lib	boundaries lib-object psyq470 LIBDS.LIB/DSSYS_2.OBJ
slus_012_79	0x80075790	0x80075980	lib	boundaries lib-object psyq470 LIBDS.LIB/DSSYS_2.OBJ
slus_012_79	0x80075980	0x80075a14	lib	boundaries lib-object psyq470 LIBDS.LIB/DSSYS_2.OBJ
slus_012_79	0x80075a14	0x80075a24	lib	boundaries lib-object psyq470 LIBDS.LIB/DSSYS_2.OBJ
slus_012_79	0x80075a24	0x80075ac8	lib	boundaries lib-object psyq470 LIBDS.LIB/DSSYS_2.OBJ
slus_012_79	0x80075ac8	0x80075b9c	lib	boundaries lib-object psyq470 LIBDS.LIB/DSSYS_2.OBJ
slus_012_79	0x80075b9c	0x80075bd4	lib	boundaries lib-object psyq470 LIBDS.LIB/DSSYS_2.OBJ
slus_012_79	0x80075bd4	0x80075c74	lib	boundaries lib-object psyq470 LIBDS.LIB/DSSYS_1.OBJ
slus_012_79	0x80075c74	0x80075d54	lib	boundaries lib-object psyq470 LIBDS.LIB/DSSYS_1.OBJ
slus_012_79	0x80075d54	0x80075d94	lib	boundaries lib-object psyq470 LIBDS.LIB/DSSYS_1.OBJ
slus_012_79	0x80075d94	0x80075e10	lib	boundaries lib-object psyq470 LIBDS.LIB/DSSYS_1.OBJ
slus_012_79	0x80075e10	0x80075e1c	lib	boundaries lib-object psyq470 LIBDS.LIB/DSSYS_1.OBJ
slus_012_79	0x80075e1c	0x80075e28	lib	boundaries lib-object psyq470 LIBDS.LIB/DSSYS_1.OBJ
slus_012_79	0x80075e28	0x80075e34	lib	boundaries lib-object psyq470 LIBDS.LIB/DSSYS_1.OBJ
slus_012_79	0x80075e34	0x80075e40	lib	boundaries lib-object psyq470 LIBDS.LIB/DSSYS_1.OBJ
slus_012_79	0x80075e40	0x80075e58	lib	boundaries lib-object psyq470 LIBDS.LIB/DSSYS_1.OBJ
slus_012_79	0x80075e58	0x80075e68	lib	boundaries lib-object psyq470 LIBDS.LIB/DSSYS_1.OBJ
slus_012_79	0x80075e68	0x80075e78	lib	boundaries lib-object psyq470 LIBDS.LIB/DSSYS_1.OBJ
slus_012_79	0x80075e78	0x80075e84	lib	boundaries lib-object psyq470 LIBDS.LIB/DSSYS_1.OBJ
slus_012_79	0x80075e84	0x80075e94	lib	boundaries lib-object psyq470 LIBDS.LIB/DSSYS_1.OBJ
slus_012_79	0x80075e94	0x80075ea4	lib	boundaries lib-object psyq470 LIBDS.LIB/DSSYS_1.OBJ
slus_012_79	0x80075ea4	0x80075eb4	lib	boundaries lib-object psyq470 LIBDS.LIB/DSSYS_1.OBJ
slus_012_79	0x80075eb4	0x80075ec4	lib	boundaries lib-object psyq470 LIBDS.LIB/DSSYS_1.OBJ
slus_012_79	0x80075ec4	0x80075f04	lib	boundaries lib-object psyq470 LIBDS.LIB/DSSYS_1.OBJ
slus_012_79	0x80075f04	0x800760dc	lib	boundaries lib-object psyq470 LIBDS.LIB/DSSYS_1.OBJ
slus_012_79	0x800760dc	0x800763ac	lib	boundaries lib-object psyq470 LIBDS.LIB/DSSYS_1.OBJ
slus_012_79	0x800763ac	0x80076434	lib	boundaries lib-object psyq470 LIBDS.LIB/DSSYS_1.OBJ
slus_012_79	0x80076434	0x80076544	lib	boundaries lib-object psyq470 LIBDS.LIB/DSSYS_1.OBJ
slus_012_79	0x80076544	0x80076728	lib	boundaries lib-object psyq470 LIBDS.LIB/DSSYS_1.OBJ
slus_012_79	0x80076728	0x800769b0	lib	boundaries lib-object psyq470 LIBDS.LIB/DSSYS_1.OBJ
slus_012_79	0x800769b0	0x80076a9c	lib	boundaries lib-object psyq470 LIBDS.LIB/DSSYS_1.OBJ
slus_012_79	0x80076a9c	0x80076b30	lib	boundaries lib-object psyq470 LIBDS.LIB/DSSYS_1.OBJ
slus_012_79	0x80076b30	0x80076be0	lib	boundaries lib-object psyq470 LIBDS.LIB/DSSYS_1.OBJ
slus_012_79	0x80076be0	0x80076c58	lib	boundaries lib-object psyq470 LIBDS.LIB/DSSYS_1.OBJ
slus_012_79	0x80076c58	0x80076c68	lib	boundaries lib-object psyq470 LIBDS.LIB/DSSYS_1.OBJ
slus_012_79	0x80076c68	0x80076c78	lib	boundaries lib-object psyq470 LIBDS.LIB/DSSYS_1.OBJ
slus_012_79	0x80076c78	0x80076cc0	lib	boundaries lib-object psyq470 LIBDS.LIB/DSSYS_1.OBJ
slus_012_79	0x80076cc0	0x80076d14	lib	boundaries lib-object psyq470 LIBDS.LIB/DSSYS_1.OBJ
slus_012_79	0x80076d14	0x80076d34	lib	boundaries lib-object psyq470 LIBCD.LIB/S_020.OBJ=>psyq470 LIBDS.LIB/DSSYS_3.OBJ
slus_012_79	0x80076d34	0x80076e64	lib	boundaries lib-object psyq470 LIBDS.LIB/DSREAD.OBJ
slus_012_79	0x80076e64	0x80076e98	lib	boundaries lib-object psyq470 LIBDS.LIB/DSREAD.OBJ
slus_012_79	0x80076e98	0x80077010	lib	boundaries lib-object psyq470 LIBDS.LIB/DSREAD.OBJ
slus_012_79	0x80077010	0x800770e4	lib	boundaries lib-object psyq470 LIBDS.LIB/DSREAD.OBJ
slus_012_79	0x800770e4	0x80077154	lib	boundaries lib-object psyq470 LIBDS.LIB/DSREAD.OBJ
slus_012_79	0x80077154	0x80077168	lib	boundaries lib-object psyq470 LIBDS.LIB/DSREAD.OBJ
slus_012_79	0x80077168	0x80077188	lib	boundaries lib-object psyq470 LIBDS.LIB/DSREAD.OBJ
slus_012_79	0x80077188	0x80077224	lib	boundaries lib-object psyq470 LIBDS.LIB/DSREAD.OBJ
slus_012_79	0x80077224	0x80077244	lib	boundaries lib-object psyq470 LIBDS.LIB/DSREAD.OBJ
slus_012_79	0x80077244	0x80077318	lib	boundaries lib-object psyq470 LIBDS.LIB/DSREAD2.OBJ
slus_012_79	0x80077318	0x80077344	lib	boundaries lib-object psyq470 LIBDS.LIB/DSREAD2.OBJ
slus_012_79	0x80077344	0x80077624	lib	boundaries lib-object psyq470 LIBDS.LIB/DSFILE.OBJ
slus_012_79	0x80077624	0x80077644	lib	boundaries lib-object psyq470 LIBDS.LIB/DSFILE.OBJ
slus_012_79	0x80077644	0x80077908	lib	boundaries lib-object psyq470 LIBDS.LIB/DSFILE.OBJ
slus_012_79	0x80077908	0x800779ac	lib	boundaries lib-object psyq470 LIBDS.LIB/DSFILE.OBJ
slus_012_79	0x800779ac	0x80077c48	lib	boundaries lib-object psyq470 LIBDS.LIB/DSFILE.OBJ
slus_012_79	0x80077c48	0x80077ca4	lib	boundaries lib-object psyq470 LIBDS.LIB/DSFILE.OBJ
slus_012_79	0x80077ca4	0x80077d28	lib	boundaries lib-object psyq470 LIBDS.LIB/DSREADY.OBJ
slus_012_79	0x80077d28	0x80077d8c	lib	boundaries lib-object psyq470 LIBDS.LIB/DSREADY.OBJ
slus_012_79	0x80077d8c	0x80077da0	lib	boundaries lib-object psyq470 LIBDS.LIB/DSREADY.OBJ
slus_012_79	0x80077da0	0x8007807c	lib	boundaries lib-object psyq470 LIBDS.LIB/DSREADY.OBJ
slus_012_79	0x8007807c	0x80078134	lib	boundaries lib-object psyq470 LIBDS.LIB/DSREADY.OBJ
slus_012_79	0x80078134	0x800781ac	lib	boundaries lib-object psyq470 LIBDS.LIB/DSREADY.OBJ
slus_012_79	0x800781ac	0x800781dc	lib	boundaries lib-object psyq470 LIBDS.LIB/DSREADY.OBJ
slus_012_79	0x800781dc	0x800781ec	lib	boundaries lib-object psyq470 LIBDS.LIB/DSREADY.OBJ
slus_012_79	0x800781ec	0x80078244	lib	boundaries lib-object psyq470 LIBDS.LIB/DSREADY.OBJ
slus_012_79	0x800782a4	0x800782c4	lib	boundaries lib-object psyq470 LIBDS.LIB/D2_002.OBJ=>psyq470 LIBDS.LIB/D2_004.OBJ
slus_012_79	0x80078324	0x80078374	lib	boundaries lib-object psyq470 LIBDS.LIB/D2_006.OBJ
slus_012_79	0x80078374	0x80078394	lib	boundaries lib-object psyq470 LIBCD.LIB/S_021.OBJ=>psyq470 LIBCD.LIB/S_022.OBJ=>psyq470 LIBDS.LIB/D3_002.OBJ=>psyq470 LIBDS.LIB/D3_003.OBJ
slus_012_79	0x80078394	0x80078494	lib	boundaries lib-object psyq470 LIBCD.LIB/BIOS_2.OBJ
slus_012_79	0x800784b4	0x800785a4	lib	boundaries lib-object psyq470 LIBCD.LIB/BIOS_3.OBJ
slus_012_79	0x80078754	0x800787b4	lib	boundaries lib-object psyq470 LIBDS.LIB/D3_008.OBJ
slus_012_79	0x80078844	0x80078880	lib	boundaries lib-object psyq470 LIBGTE.LIB/GEO_00.OBJ
slus_012_79	0x80078880	0x80078914	lib	boundaries lib-object psyq470 LIBGTE.LIB/GEO_00.OBJ
slus_012_79	0x80078914	0x800789b4	lib	boundaries lib-object psyq470 LIBGTE.LIB/GEO_01.OBJ
slus_012_79	0x800789b4	0x80078a84	lib	boundaries lib-object psyq470 LIBGTE.LIB/COR_02.OBJ
slus_012_79	0x80078a84	0x80078ba4	lib	boundaries lib-object psyq470 LIBGTE.LIB/COR_01.OBJ
slus_012_79	0x80078ba4	0x80078c44	lib	boundaries lib-object psyq470 LIBGTE.LIB/COR_03.OBJ
slus_012_79	0x80078c44	0x80078d84	lib	boundaries lib-object psyq470 LIBGTE.LIB/COR_03.OBJ
slus_012_79	0x80078d8c	0x80078e14	lib	boundaries lib-object psyq470 LIBGTE.LIB/MSC00.OBJ
slus_012_79	0x80078e14	0x80078ea4	lib	boundaries lib-object psyq470 LIBGTE.LIB/MSC01.OBJ
slus_012_79	0x80078ea4	0x80078f30	lib	boundaries lib-object psyq470 LIBGTE.LIB/MSC02.OBJ
slus_012_79	0x80078f30	0x80078f44	lib	boundaries lib-object psyq470 LIBGTE.LIB/MSC02.OBJ
slus_012_79	0x80078f44	0x80078f74	lib	boundaries lib-object psyq470 LIBGTE.LIB/MSC02.OBJ
slus_012_79	0x80078f74	0x80078fa4	lib	boundaries lib-object psyq470 LIBGTE.LIB/MSC02.OBJ
slus_012_79	0x80078fa4	0x80079064	lib	boundaries lib-object psyq470 LIBGTE.LIB/MSC02.OBJ
slus_012_79	0x80079064	0x80079154	lib	boundaries lib-object psyq470 LIBGTE.LIB/MSC02.OBJ
slus_012_79	0x80079154	0x800791f4	lib	boundaries lib-object psyq470 LIBGTE.LIB/MSC09.OBJ
slus_012_79	0x800791f4	0x80079304	lib	boundaries lib-object psyq470 LIBGTE.LIB/MTX_000.OBJ
slus_012_79	0x80079304	0x80079464	lib	boundaries lib-object psyq470 LIBGTE.LIB/MTX_004.OBJ
slus_012_79	0x80079464	0x800795a4	lib	boundaries lib-object psyq470 LIBGTE.LIB/MTX_01.OBJ
slus_012_79	0x800795a4	0x800796b4	lib	boundaries lib-object psyq470 LIBGTE.LIB/MTX_04.OBJ
slus_012_79	0x800796b4	0x80079704	lib	boundaries lib-object psyq470 LIBGTE.LIB/MTX_05.OBJ
slus_012_79	0x80079704	0x80079764	lib	boundaries lib-object psyq470 LIBGTE.LIB/MTX_06.OBJ
slus_012_79	0x80079764	0x800798a4	lib	boundaries lib-object psyq470 LIBGTE.LIB/MTX_08.OBJ
slus_012_79	0x800798a4	0x800798d4	lib	boundaries lib-object psyq470 LIBGTE.LIB/MTX_09.OBJ
slus_012_79	0x800798d4	0x800798f4	lib	boundaries lib-object psyq470 LIBGTE.LIB/MTX_12.OBJ
slus_012_79	0x80079904	0x80079924	lib	boundaries lib-object psyq470 LIBGTE.LIB/REG10.OBJ
slus_012_79	0x80079954	0x80079984	lib	boundaries lib-object psyq470 LIBGTE.LIB/SMP_02.OBJ
slus_012_79	0x80079984	0x800799e4	lib	boundaries lib-object psyq470 LIBGTE.LIB/SMP_03.OBJ
slus_012_79	0x800799e4	0x80079a64	lib	boundaries lib-object psyq470 LIBGTE.LIB/CMB_00.OBJ
slus_012_79	0x80079a64	0x80079aa4	lib	boundaries lib-object psyq470 LIBGTE.LIB/FGO_00.OBJ
slus_012_79	0x80079aa4	0x80079d34	lib	boundaries lib-object psyq470 LIBGTE.LIB/FGO_01.OBJ
slus_012_79	0x80079d34	0x80079fc4	lib	boundaries lib-object psyq470 LIBGTE.LIB/FGO_02.OBJ
slus_012_79	0x80079fc4	0x8007a254	lib	boundaries lib-object psyq470 LIBGTE.LIB/FGO_03.OBJ
slus_012_79	0x8007a254	0x8007a3f4	lib	boundaries lib-object psyq470 LIBGTE.LIB/FGO_04.OBJ
slus_012_79	0x8007a3f4	0x8007a594	lib	boundaries lib-object psyq470 LIBGTE.LIB/FGO_05.OBJ
slus_012_79	0x8007a594	0x8007a824	lib	boundaries lib-object psyq470 LIBGTE.LIB/FGO_08.OBJ
slus_012_79	0x8007a824	0x8007aa34	lib	boundaries lib-object psyq470 LIBGTE.LIB/RMAT_01.OBJ
slus_012_79	0x8007aa34	0x8007ac34	lib	boundaries lib-object psyq470 LIBGTE.LIB/RMAT_02.OBJ
slus_012_79	0x8007ac34	0x8007adb4	lib	boundaries lib-object psyq470 LIBGTE.LIB/RATAN.OBJ
slus_012_79	0x8007adb4	0x8007ae60	lib	boundaries lib-object psyq470 LIBGTE.LIB/PATCHGTE.OBJ
slus_012_79	0x8007ae60	0x8007ae94	lib	boundaries lib-object psyq470 LIBGTE.LIB/PATCHGTE.OBJ
slus_012_79	0x8007ae94	0x8007af24	lib	boundaries lib-object psyq470 LIBGTE.LIB/MSC06_3.OBJ
slus_012_79	0x8007af24	0x8007afa4	lib	boundaries lib-object psyq470 LIBGTE.LIB/MSC06_6.OBJ
slus_012_79	0x8007b004	0x8007b178	lib	boundaries lib-object psyq470 LIBGPU.LIB/SYS.OBJ
slus_012_79	0x8007b178	0x8007b1d4	lib	boundaries lib-object psyq470 LIBGPU.LIB/SYS.OBJ
slus_012_79	0x8007b1d4	0x8007b278	lib	boundaries lib-object psyq470 LIBGPU.LIB/SYS.OBJ
slus_012_79	0x8007b278	0x8007b288	lib	boundaries lib-object psyq470 LIBGPU.LIB/SYS.OBJ
slus_012_79	0x8007b288	0x8007b2e8	lib	boundaries lib-object psyq470 LIBGPU.LIB/SYS.OBJ
slus_012_79	0x8007b2e8	0x8007b380	lib	boundaries lib-object psyq470 LIBGPU.LIB/SYS.OBJ
slus_012_79	0x8007b380	0x8007b3e8	lib	boundaries lib-object psyq470 LIBGPU.LIB/SYS.OBJ
slus_012_79	0x8007b3e8	0x8007b504	lib	boundaries lib-object psyq470 LIBGPU.LIB/SYS.OBJ
slus_012_79	0x8007b504	0x8007b594	lib	boundaries lib-object psyq470 LIBGPU.LIB/SYS.OBJ
slus_012_79	0x8007b594	0x8007b62c	lib	boundaries lib-object psyq470 LIBGPU.LIB/SYS.OBJ
slus_012_79	0x8007b62c	0x8007b68c	lib	boundaries lib-object psyq470 LIBGPU.LIB/SYS.OBJ
slus_012_79	0x8007b68c	0x8007b6ec	lib	boundaries lib-object psyq470 LIBGPU.LIB/SYS.OBJ
slus_012_79	0x8007b6ec	0x8007b7a4	lib	boundaries lib-object psyq470 LIBGPU.LIB/SYS.OBJ
slus_012_79	0x8007b7a4	0x8007b86c	lib	boundaries lib-object psyq470 LIBGPU.LIB/SYS.OBJ
slus_012_79	0x8007b86c	0x8007b918	lib	boundaries lib-object psyq470 LIBGPU.LIB/SYS.OBJ
slus_012_79	0x8007b918	0x8007b974	lib	boundaries lib-object psyq470 LIBGPU.LIB/SYS.OBJ
slus_012_79	0x8007b974	0x8007b9e4	lib	boundaries lib-object psyq470 LIBGPU.LIB/SYS.OBJ
slus_012_79	0x8007b9e4	0x8007baa4	lib	boundaries lib-object psyq470 LIBGPU.LIB/SYS.OBJ
slus_012_79	0x8007baa4	0x8007bb7c	lib	boundaries lib-object psyq470 LIBGPU.LIB/SYS.OBJ
slus_012_79	0x8007bb7c	0x8007bbb0	lib	boundaries lib-object psyq470 LIBGPU.LIB/SYS.OBJ
slus_012_79	0x8007bbb0	0x8007c0a8	lib	boundaries lib-object psyq470 LIBGPU.LIB/SYS.OBJ
slus_012_79	0x8007c0a8	0x8007c0dc	lib	boundaries lib-object psyq470 LIBGPU.LIB/SYS.OBJ
slus_012_79	0x8007c0dc	0x8007c10c	lib	boundaries lib-object psyq470 LIBGPU.LIB/SYS.OBJ
slus_012_79	0x8007c10c	0x8007c18c	lib	boundaries lib-object psyq470 LIBGPU.LIB/SYS.OBJ
slus_012_79	0x8007c18c	0x8007c1cc	lib	boundaries lib-object psyq470 LIBGPU.LIB/SYS.OBJ
slus_012_79	0x8007c1cc	0x8007c3c4	lib	boundaries lib-object psyq470 LIBGPU.LIB/SYS.OBJ
slus_012_79	0x8007c3c4	0x8007c634	lib	boundaries lib-object psyq470 LIBGPU.LIB/SYS.OBJ
slus_012_79	0x8007c634	0x8007c654	lib	boundaries lib-object psyq470 LIBGPU.LIB/SYS.OBJ
slus_012_79	0x8007c654	0x8007c6ec	lib	boundaries lib-object psyq470 LIBGPU.LIB/SYS.OBJ
slus_012_79	0x8007c6ec	0x8007c784	lib	boundaries lib-object psyq470 LIBGPU.LIB/SYS.OBJ
slus_012_79	0x8007c784	0x8007c7a0	lib	boundaries lib-object psyq470 LIBGPU.LIB/SYS.OBJ
slus_012_79	0x8007c7a0	0x8007c820	lib	boundaries lib-object psyq470 LIBGPU.LIB/SYS.OBJ
slus_012_79	0x8007c820	0x8007c838	lib	boundaries lib-object psyq470 LIBGPU.LIB/SYS.OBJ
slus_012_79	0x8007c838	0x8007c918	lib	boundaries lib-object psyq470 LIBGPU.LIB/SYS.OBJ
slus_012_79	0x8007c918	0x8007cb48	lib	boundaries lib-object psyq470 LIBGPU.LIB/SYS.OBJ
slus_012_79	0x8007cb48	0x8007cd84	lib	boundaries lib-object psyq470 LIBGPU.LIB/SYS.OBJ
slus_012_79	0x8007cd84	0x8007d004	lib	boundaries lib-object psyq470 LIBGPU.LIB/SYS.OBJ
slus_012_79	0x8007d004	0x8007d018	lib	boundaries lib-object psyq470 LIBGPU.LIB/SYS.OBJ
slus_012_79	0x8007d018	0x8007d020	lib	boundaries lib-object psyq470 LIBGPU.LIB/SYS.OBJ
slus_012_79	0x8007d020	0x8007d060	lib	boundaries lib-object psyq470 LIBGPU.LIB/SYS.OBJ
slus_012_79	0x8007d060	0x8007d0a8	lib	boundaries lib-object psyq470 LIBGPU.LIB/SYS.OBJ
slus_012_79	0x8007d0a8	0x8007d0d8	lib	boundaries lib-object psyq470 LIBGPU.LIB/SYS.OBJ
slus_012_79	0x8007d0d8	0x8007d0fc	lib	boundaries lib-object psyq470 LIBGPU.LIB/SYS.OBJ
slus_012_79	0x8007d0fc	0x8007d3ac	lib	boundaries lib-object psyq470 LIBGPU.LIB/SYS.OBJ
slus_012_79	0x8007d3ac	0x8007d60c	lib	boundaries lib-object psyq470 LIBGPU.LIB/SYS.OBJ
slus_012_79	0x8007d60c	0x8007d748	lib	boundaries lib-object psyq470 LIBGPU.LIB/SYS.OBJ
slus_012_79	0x8007d748	0x8007d884	lib	boundaries lib-object psyq470 LIBGPU.LIB/SYS.OBJ
slus_012_79	0x8007d884	0x8007d8b8	lib	boundaries lib-object psyq470 LIBGPU.LIB/SYS.OBJ
slus_012_79	0x8007d8b8	0x8007d9fc	lib	boundaries lib-object psyq470 LIBGPU.LIB/SYS.OBJ
slus_012_79	0x8007d9fc	0x8007da9c	lib	boundaries lib-object psyq470 LIBGPU.LIB/SYS.OBJ
slus_012_79	0x8007da9c	0x8007db88	lib	boundaries lib-object psyq470 LIBGPU.LIB/SYS.OBJ
slus_012_79	0x8007db88	0x8007dc74	lib	boundaries lib-object psyq470 LIBGPU.LIB/SYS.OBJ
slus_012_79	0x8007dc74	0x8007ddb8	lib	boundaries lib-object psyq470 LIBGPU.LIB/SYS.OBJ
slus_012_79	0x8007ddb8	0x8007deb4	lib	boundaries lib-object psyq470 LIBGPU.LIB/SYS.OBJ
slus_012_79	0x8007deb4	0x8007dedc	lib	boundaries lib-object psyq470 LIBGPU.LIB/SYS.OBJ
slus_012_79	0x8007dedc	0x8007df04	lib	boundaries lib-object psyq470 LIBGPU.LIB/SYS.OBJ
slus_012_79	0x8007df34	0x8007dff4	lib	boundaries lib-object psyq470 LIBGPU.LIB/E03.OBJ
slus_012_79	0x8007dff4	0x8007e034	lib	boundaries lib-object psyq470 LIBGPU.LIB/E04.OBJ
slus_012_79	0x8007e034	0x8007e074	lib	boundaries lib-object psyq470 LIBGPU.LIB/P00.OBJ
slus_012_79	0x8007e074	0x8007e0b4	lib	boundaries lib-object psyq470 LIBGPU.LIB/P06.OBJ
slus_012_79	0x8007e0b4	0x8007e0f4	lib	boundaries lib-object psyq470 LIBGPU.LIB/P07.OBJ
slus_012_79	0x8007e134	0x8007e194	lib	boundaries lib-object psyq470 LIBGPU.LIB/P34.OBJ
slus_012_79	0x8007e194	0x8007e234	lib	boundaries lib-object psyq470 LIBGPU.LIB/P41.OBJ
slus_012_79	0x8007e284	0x8007e294	lib	boundaries lib-object psyq470 LIBAPI.LIB/C112.OBJ=>psyq470 LIBCARD.LIB/C112.OBJ
slus_012_79	0x8007e294	0x8007e324	lib	boundaries lib-object psyq470 LIBCARD.LIB/INIT.OBJ
slus_012_79	0x8007e324	0x8007e36c	lib	boundaries lib-object psyq470 LIBCARD.LIB/INIT.OBJ
slus_012_79	0x8007e36c	0x8007e394	lib	boundaries lib-object psyq470 LIBCARD.LIB/INIT.OBJ
slus_012_79	0x8007e394	0x8007e3a4	lib	boundaries lib-object psyq470 LIBCARD.LIB/A74.OBJ
slus_012_79	0x8007e3a4	0x8007e3b4	lib	boundaries lib-object psyq470 LIBCARD.LIB/A75.OBJ
slus_012_79	0x8007e3b4	0x8007e3c4	lib	boundaries lib-object psyq470 LIBCARD.LIB/A76.OBJ
slus_012_79	0x8007e3c4	0x8007e408	lib	boundaries lib-object psyq470 LIBCARD.LIB/PATCH.OBJ
slus_012_79	0x8007e408	0x8007e434	lib	boundaries lib-object psyq470 LIBCARD.LIB/PATCH.OBJ
slus_012_79	0x8007e434	0x8007e478	lib	boundaries lib-object psyq470 LIBCARD.LIB/PATCH.OBJ
slus_012_79	0x8007e478	0x8007e48c	lib	boundaries lib-object psyq470 LIBCARD.LIB/PATCH.OBJ
slus_012_79	0x8007e48c	0x8007e4a0	lib	boundaries lib-object psyq470 LIBCARD.LIB/PATCH.OBJ
slus_012_79	0x8007e4a0	0x8007e534	lib	boundaries lib-object psyq470 LIBCARD.LIB/PATCH.OBJ
slus_012_79	0x8007e534	0x8007e5a4	lib	boundaries lib-object psyq470 LIBCARD.LIB/PATCH.OBJ
slus_012_79	0x8007e5a4	0x8007e5e4	lib	boundaries lib-object psyq470 LIBCARD.LIB/PATCH.OBJ
slus_012_79	0x8007e664	0x8007e68c	lib	boundaries lib-object psyq470 LIBMCRD.LIB/LIBMCRD.OBJ
slus_012_79	0x8007e68c	0x8007e6b4	lib	boundaries lib-object psyq470 LIBMCRD.LIB/LIBMCRD.OBJ
slus_012_79	0x8007e6b4	0x8007e6c0	lib	boundaries lib-object psyq470 LIBMCRD.LIB/LIBMCRD.OBJ
slus_012_79	0x8007e6c0	0x8007e730	lib	boundaries lib-object psyq470 LIBMCRD.LIB/LIBMCRD.OBJ
slus_012_79	0x8007e730	0x8007e770	lib	boundaries lib-object psyq470 LIBMCRD.LIB/LIBMCRD.OBJ
slus_012_79	0x8007e770	0x8007e7d8	lib	boundaries lib-object psyq470 LIBMCRD.LIB/LIBMCRD.OBJ
slus_012_79	0x8007e7d8	0x8007eaf4	lib	boundaries lib-object psyq470 LIBMCRD.LIB/LIBMCRD.OBJ
slus_012_79	0x8007eaf4	0x8007eb5c	lib	boundaries lib-object psyq470 LIBMCRD.LIB/LIBMCRD.OBJ
slus_012_79	0x8007eb5c	0x8007ee04	lib	boundaries lib-object psyq470 LIBMCRD.LIB/LIBMCRD.OBJ
slus_012_79	0x8007ee04	0x8007ef8c	lib	boundaries lib-object psyq470 LIBMCRD.LIB/LIBMCRD.OBJ
slus_012_79	0x8007ef8c	0x8007efd0	lib	boundaries lib-object psyq470 LIBMCRD.LIB/LIBMCRD.OBJ
slus_012_79	0x8007efd0	0x8007f088	lib	boundaries lib-object psyq470 LIBMCRD.LIB/LIBMCRD.OBJ
slus_012_79	0x8007f088	0x8007f238	lib	boundaries lib-object psyq470 LIBMCRD.LIB/LIBMCRD.OBJ
slus_012_79	0x8007f238	0x8007f2f0	lib	boundaries lib-object psyq470 LIBMCRD.LIB/LIBMCRD.OBJ
slus_012_79	0x8007f2f0	0x8007f49c	lib	boundaries lib-object psyq470 LIBMCRD.LIB/LIBMCRD.OBJ
slus_012_79	0x8007f49c	0x8007f5b4	lib	boundaries lib-object psyq470 LIBMCRD.LIB/LIBMCRD.OBJ
slus_012_79	0x8007f5b4	0x8007f6bc	lib	boundaries lib-object psyq470 LIBMCRD.LIB/LIBMCRD.OBJ
slus_012_79	0x8007f6bc	0x8007f7d4	lib	boundaries lib-object psyq470 LIBMCRD.LIB/LIBMCRD.OBJ
slus_012_79	0x8007f7d4	0x8007f8dc	lib	boundaries lib-object psyq470 LIBMCRD.LIB/LIBMCRD.OBJ
slus_012_79	0x8007f8dc	0x8007fb38	lib	boundaries lib-object psyq470 LIBMCRD.LIB/LIBMCRD.OBJ
slus_012_79	0x8007fb38	0x8007fb4c	lib	boundaries lib-object psyq470 LIBMCRD.LIB/LIBMCRD.OBJ
slus_012_79	0x8007fb4c	0x8007fc68	lib	boundaries lib-object psyq470 LIBMCRD.LIB/LIBMCRD.OBJ
slus_012_79	0x8007fc68	0x8007fd64	lib	boundaries lib-object psyq470 LIBMCRD.LIB/LIBMCRD.OBJ
slus_012_79	0x8007fd64	0x8007fdd8	lib	boundaries lib-object psyq470 LIBMCRD.LIB/LIBMCRD.OBJ
slus_012_79	0x8007fdd8	0x8007fe2c	lib	boundaries lib-object psyq470 LIBMCRD.LIB/LIBMCRD.OBJ
slus_012_79	0x8007fe2c	0x8007fed8	lib	boundaries lib-object psyq470 LIBMCRD.LIB/LIBMCRD.OBJ
slus_012_79	0x8007fed8	0x8007ff34	lib	boundaries lib-object psyq470 LIBMCRD.LIB/LIBMCRD.OBJ
slus_012_79	0x8007ff34	0x8007ff44	lib	boundaries lib-object psyq470 LIBCARD.LIB/C171.OBJ
slus_012_79	0x8007ff44	0x8007ff54	lib	boundaries lib-object psyq470 LIBCARD.LIB/C172.OBJ
slus_012_79	0x8007ff54	0x8007ff94	lib	boundaries lib-object psyq470 LIBCARD.LIB/CARD.OBJ
slus_012_79	0x8007ff94	0x8007ffa4	lib	boundaries lib-object psyq470 LIBCARD.LIB/A78.OBJ
slus_012_79	0x8007ffa4	0x8007ffb4	lib	boundaries lib-object psyq470 LIBCARD.LIB/A80.OBJ
slus_012_79	0x8007ffb4	0x8007ffc4	lib	boundaries lib-object psyq470 LIBMCRD.LIB/USERFUNC.OBJ
slus_012_79	0x8007ffc4	0x80080040	lib	boundaries lib-object psyq470 LIBMCRD.LIB/USERFUNC.OBJ
slus_012_79	0x80080040	0x800800ac	lib	boundaries lib-object psyq470 LIBMCRD.LIB/USERFUNC.OBJ
slus_012_79	0x800800ac	0x800800c4	lib	boundaries lib-object psyq470 LIBMCRD.LIB/USERFUNC.OBJ
slus_012_79	0x800800c4	0x800800d8	lib	boundaries lib-object psyq470 LIBMCRD.LIB/BIOS.OBJ
slus_012_79	0x800800d8	0x800800ec	lib	boundaries lib-object psyq470 LIBMCRD.LIB/BIOS.OBJ
slus_012_79	0x800800ec	0x80080100	lib	boundaries lib-object psyq470 LIBMCRD.LIB/BIOS.OBJ
slus_012_79	0x80080100	0x80080114	lib	boundaries lib-object psyq470 LIBMCRD.LIB/BIOS.OBJ
slus_012_79	0x80080114	0x80080128	lib	boundaries lib-object psyq470 LIBMCRD.LIB/BIOS.OBJ
slus_012_79	0x80080128	0x8008013c	lib	boundaries lib-object psyq470 LIBMCRD.LIB/BIOS.OBJ
slus_012_79	0x8008013c	0x80080150	lib	boundaries lib-object psyq470 LIBMCRD.LIB/BIOS.OBJ
slus_012_79	0x80080150	0x80080164	lib	boundaries lib-object psyq470 LIBMCRD.LIB/BIOS.OBJ
slus_012_79	0x80080164	0x80080194	lib	boundaries lib-object psyq470 LIBMCRD.LIB/BIOS.OBJ
slus_012_79	0x80080194	0x80080370	lib	boundaries lib-object psyq470 LIBMCRD.LIB/BIOS.OBJ
slus_012_79	0x80080370	0x80080390	lib	boundaries lib-object psyq470 LIBMCRD.LIB/BIOS.OBJ
slus_012_79	0x80080390	0x80080444	lib	boundaries lib-object psyq470 LIBMCRD.LIB/BIOS.OBJ
slus_012_79	0x80080444	0x8008054c	lib	boundaries lib-object psyq470 LIBMCRD.LIB/BIOS.OBJ
slus_012_79	0x8008054c	0x80080624	lib	boundaries lib-object psyq470 LIBMCRD.LIB/BIOS.OBJ
slus_012_79	0x80080624	0x800806fc	lib	boundaries lib-object psyq470 LIBMCRD.LIB/BIOS.OBJ
slus_012_79	0x800806fc	0x80080738	lib	boundaries lib-object psyq470 LIBMCRD.LIB/BIOS.OBJ
slus_012_79	0x80080738	0x80080774	lib	boundaries lib-object psyq470 LIBMCRD.LIB/BIOS.OBJ
slus_012_79	0x80080774	0x80080b44	lib	boundaries lib-object psyq470 LIBMCRD.LIB/LOW.OBJ
slus_012_79	0x80080b44	0x80081204	lib	boundaries lib-object psyq470 LIBMCRD.LIB/LOW.OBJ
slus_012_79	0x80081204	0x80081214	lib	boundaries lib-object psyq470 LIBCARD.LIB/A79.OBJ
slus_012_79	0x80081214	0x80081224	lib	boundaries lib-object psyq470 LIBAPI.LIB/C57.OBJ
slus_012_79	0x80081224	0x80081234	lib	boundaries lib-object psyq470 LIBAPI.LIB/C68.OBJ
slus_012_79	0x80081234	0x80081244	lib	boundaries lib-object psyq470 LIBAPI.LIB/C73.OBJ
slus_012_79	0x80081264	0x80081274	lib	boundaries lib-object psyq470 LIBAPI.LIB/A07.OBJ
slus_012_79	0x80081274	0x80081284	lib	boundaries lib-object psyq470 LIBAPI.LIB/A08.OBJ
slus_012_79	0x80081284	0x80081294	lib	boundaries lib-object psyq470 LIBAPI.LIB/A09.OBJ
slus_012_79	0x80081294	0x800812a4	lib	boundaries lib-object psyq470 LIBAPI.LIB/A10.OBJ
slus_012_79	0x800812a4	0x800812b4	lib	boundaries lib-object psyq470 LIBAPI.LIB/A11.OBJ
slus_012_79	0x800812b4	0x800812c4	lib	boundaries lib-object psyq470 LIBAPI.LIB/A12.OBJ
slus_012_79	0x800812c4	0x800812d4	lib	boundaries lib-object psyq470 LIBAPI.LIB/A14.OBJ
slus_012_79	0x800812d4	0x800812e4	lib	boundaries lib-object psyq470 LIBAPI.LIB/A15.OBJ
slus_012_79	0x800812e4	0x800812f4	lib	boundaries lib-object psyq470 LIBAPI.LIB/A16.OBJ
slus_012_79	0x800812f4	0x80081304	lib	boundaries lib-object psyq470 LIBAPI.LIB/A23.OBJ
slus_012_79	0x80081304	0x80081314	lib	boundaries lib-object psyq470 LIBAPI.LIB/A24.OBJ
slus_012_79	0x80081314	0x80081324	lib	boundaries lib-object psyq470 LIBAPI.LIB/A25.OBJ
slus_012_79	0x80081344	0x80081354	lib	boundaries lib-object psyq470 LIBAPI.LIB/A50.OBJ
slus_012_79	0x80081354	0x80081364	lib	boundaries lib-object psyq470 LIBAPI.LIB/A51.OBJ
slus_012_79	0x80081364	0x80081374	lib	boundaries lib-object psyq470 LIBAPI.LIB/A52.OBJ
slus_012_79	0x80081374	0x80081384	lib	boundaries lib-object psyq470 LIBAPI.LIB/A53.OBJ
slus_012_79	0x80081384	0x80081394	lib	boundaries lib-object psyq470 LIBAPI.LIB/A54.OBJ
slus_012_79	0x80081394	0x800813a4	lib	boundaries lib-object psyq470 LIBAPI.LIB/A67.OBJ
slus_012_79	0x800813a4	0x800813b4	lib	boundaries lib-object psyq470 LIBAPI.LIB/A81.OBJ
slus_012_79	0x800813b4	0x800813c4	lib	boundaries lib-object psyq470 LIBAPI.LIB/A91.OBJ
slus_012_79	0x800813c4	0x800813d4	lib	boundaries lib-object psyq470 LIBAPI.LIB/L10.OBJ
slus_012_79	0x800813d4	0x80081470	lib	boundaries lib-object psyq470 LIBAPI.LIB/COUNTER.OBJ
slus_012_79	0x80081470	0x800814a8	lib	boundaries lib-object psyq470 LIBAPI.LIB/COUNTER.OBJ
slus_012_79	0x800814a8	0x800814d8	lib	boundaries lib-object psyq470 LIBAPI.LIB/COUNTER.OBJ
slus_012_79	0x800814d8	0x8008150c	lib	boundaries lib-object psyq470 LIBAPI.LIB/COUNTER.OBJ
slus_012_79	0x8008150c	0x80081544	lib	boundaries lib-object psyq470 LIBAPI.LIB/COUNTER.OBJ
slus_012_79	0x80081544	0x800816e0	lib	boundaries lib-object psyq470 LIBAPI.LIB/FIRST.OBJ
slus_012_79	0x800816e0	0x800817e4	lib	boundaries lib-object psyq470 LIBAPI.LIB/FIRST.OBJ
slus_012_79	0x800817e4	0x800817f4	lib	boundaries lib-object psyq470 LIBAPI.LIB/A66.OBJ
slus_012_79	0x800817f4	0x80081800	lib	boundaries lib-object psyq470 LIBAPI.LIB/PAD.OBJ
slus_012_79	0x80081800	0x80081810	lib	boundaries lib-object psyq470 LIBAPI.LIB/PAD.OBJ
slus_012_79	0x80081810	0x800818a0	lib	boundaries lib-object psyq470 LIBAPI.LIB/PAD.OBJ
slus_012_79	0x800818a0	0x80081930	lib	boundaries lib-object psyq470 LIBAPI.LIB/PAD.OBJ
slus_012_79	0x80081930	0x80081960	lib	boundaries lib-object psyq470 LIBAPI.LIB/PAD.OBJ
slus_012_79	0x80081960	0x800819d8	lib	boundaries lib-object psyq470 LIBAPI.LIB/PAD.OBJ
slus_012_79	0x800819d8	0x80081a40	lib	boundaries lib-object psyq470 LIBAPI.LIB/PAD.OBJ
slus_012_79	0x80081a40	0x80081a84	lib	boundaries lib-object psyq470 LIBAPI.LIB/PAD.OBJ
slus_012_79	0x80081a84	0x80081a94	lib	boundaries lib-object psyq470 LIBAPI.LIB/A18.OBJ
slus_012_79	0x80081a94	0x80081aa4	lib	boundaries lib-object psyq470 LIBAPI.LIB/A19.OBJ
slus_012_79	0x80081aa4	0x80081ab4	lib	boundaries lib-object psyq470 LIBAPI.LIB/A21.OBJ
slus_012_79	0x80081ab4	0x80081ac4	lib	boundaries lib-object psyq470 LIBAPI.LIB/L02.OBJ
slus_012_79	0x80081ac4	0x80081ad4	lib	boundaries lib-object psyq470 LIBAPI.LIB/L03.OBJ
slus_012_79	0x80081ad4	0x80081ae8	lib	boundaries lib-object psyq470 LIBAPI.LIB/PATCH.OBJ
slus_012_79	0x80081ae8	0x80081afc	lib	boundaries lib-object psyq470 LIBAPI.LIB/PATCH.OBJ
slus_012_79	0x80081afc	0x80081b74	lib	boundaries lib-object psyq470 LIBAPI.LIB/PATCH.OBJ
slus_012_79	0x80081b74	0x80081be4	lib	boundaries lib-object psyq470 LIBAPI.LIB/CHCLRPAD.OBJ
slus_012_79	0x80081be4	0x80081bf4	lib	boundaries lib-object psyq470 LIBC.LIB/A56.OBJ=>psyq470 LIBC2.LIB/EXIT.OBJ
slus_012_79	0x80081c14	0x80081c24	lib	boundaries lib-object psyq470 LIBC.LIB/C19.OBJ
slus_012_79	0x80081c24	0x80081c34	lib	boundaries lib-object psyq470 LIBC.LIB/C21.OBJ
slus_012_79	0x80081c34	0x80081c44	lib	boundaries lib-object psyq470 LIBC.LIB/C23.OBJ
slus_012_79	0x80081c44	0x80081c54	lib	boundaries lib-object psyq470 LIBC.LIB/C24.OBJ
slus_012_79	0x80081c54	0x80081c64	lib	boundaries lib-object psyq470 LIBC.LIB/C25.OBJ
slus_012_79	0x80081c64	0x80081c74	lib	boundaries lib-object psyq470 LIBC.LIB/C26.OBJ
slus_012_79	0x80081c74	0x80081c84	lib	boundaries lib-object psyq470 LIBC.LIB/C27.OBJ
slus_012_79	0x80081c84	0x80081c94	lib	boundaries lib-object psyq470 LIBC.LIB/C40.OBJ
slus_012_79	0x80081c94	0x80081ca4	lib	boundaries lib-object psyq470 LIBC.LIB/C42.OBJ
slus_012_79	0x80081ca4	0x80081cb4	lib	boundaries lib-object psyq470 LIBC.LIB/C43.OBJ
slus_012_79	0x80081cb4	0x80081cc4	lib	boundaries lib-object psyq470 LIBC.LIB/C47.OBJ
slus_012_79	0x80081cc4	0x80081cd4	lib	boundaries lib-object psyq470 LIBC.LIB/C63.OBJ
slus_012_79	0x80081cd4	0x80082564	lib	boundaries lib-object psyq470 LIBC.LIB/SPRINTF.OBJ
slus_012_79	0x80082564	0x80082574	lib	boundaries lib-object psyq470 LIBC.LIB/C46.OBJ
slus_012_79	0x80082574	0x800825e4	lib	boundaries lib-object psyq470 LIBC.LIB/MEMMOVE.OBJ=>psyq470 LIBC2.LIB/MEMMOVE.OBJ
slus_012_79	0x800825e4	0x80082734	lib	boundaries lib-object psyq470 LIBC.LIB/QSORT.OBJ=>psyq470 LIBC2.LIB/QSORT.OBJ
slus_012_79	0x80082734	0x80082774	lib	boundaries lib-object psyq470 LIBC.LIB/QSORT.OBJ=>psyq470 LIBC2.LIB/QSORT.OBJ
slus_012_79	0x80082774	0x800827b4	lib	boundaries lib-object psyq470 LIBPAD.LIB/PDCMD1.OBJ
slus_012_79	0x800827b4	0x80082830	lib	boundaries lib-object psyq470 LIBPAD.LIB/PDCMD2.OBJ
slus_012_79	0x80082830	0x80082858	lib	boundaries lib-object psyq470 LIBPAD.LIB/PDCMD2.OBJ
slus_012_79	0x80082858	0x80082924	lib	boundaries lib-object psyq470 LIBPAD.LIB/PDCMD2.OBJ
slus_012_79	0x80082924	0x800829f4	lib	boundaries lib-object psyq470 LIBPAD.LIB/PDENT2.OBJ
slus_012_79	0x800829f4	0x80082af4	lib	boundaries lib-object psyq470 LIBPAD.LIB/PDENT3.OBJ
slus_012_79	0x80082af4	0x80082bc0	lib	boundaries lib-object psyq470 LIBPAD.LIB/PDMAIINI.OBJ
slus_012_79	0x80082bc0	0x80082c04	lib	boundaries lib-object psyq470 LIBPAD.LIB/PDMAIINI.OBJ
slus_012_79	0x80082c04	0x80082cb4	lib	boundaries lib-object psyq470 LIBPAD.LIB/PDDIRINI.OBJ
slus_012_79	0x80082cb4	0x80082da4	lib	boundaries lib-object psyq470 LIBPAD.LIB/PDDIRRES.OBJ
slus_012_79	0x80082da4	0x80082e0c	lib	boundaries lib-object psyq470 LIBPAD.LIB/PDDIRRES.OBJ
slus_012_79	0x80082e0c	0x80082f00	lib	boundaries lib-object psyq470 LIBPAD.LIB/PDDIRRES.OBJ
slus_012_79	0x80082f00	0x80082f10	lib	boundaries lib-object psyq470 LIBPAD.LIB/PDDIRRES.OBJ
slus_012_79	0x80082f10	0x80082fcc	lib	boundaries lib-object psyq470 LIBPAD.LIB/PDDIRRES.OBJ
slus_012_79	0x80082fcc	0x80083248	lib	boundaries lib-object psyq470 LIBPAD.LIB/PDDIRRES.OBJ
slus_012_79	0x80083248	0x80083268	lib	boundaries lib-object psyq470 LIBPAD.LIB/PDDIRRES.OBJ
slus_012_79	0x80083268	0x80083378	lib	boundaries lib-object psyq470 LIBPAD.LIB/PDDIRRES.OBJ
slus_012_79	0x80083378	0x800835e4	lib	boundaries lib-object psyq470 LIBPAD.LIB/PDDIRRES.OBJ
slus_012_79	0x800835e4	0x800836c4	lib	boundaries lib-object psyq470 LIBPAD.LIB/PDDIRRES.OBJ
slus_012_79	0x800836c4	0x800836f4	lib	boundaries lib-object psyq470 LIBPAD.LIB/PDDIRRES.OBJ
slus_012_79	0x800836f4	0x8008375c	lib	boundaries lib-object psyq470 LIBPAD.LIB/PDRESRES.OBJ
slus_012_79	0x8008375c	0x800838ec	lib	boundaries lib-object psyq470 LIBPAD.LIB/PDRESRES.OBJ
slus_012_79	0x800838ec	0x80083c20	lib	boundaries lib-object psyq470 LIBPAD.LIB/PDRESRES.OBJ
slus_012_79	0x80083c20	0x80083d10	lib	boundaries lib-object psyq470 LIBPAD.LIB/PDRESRES.OBJ
slus_012_79	0x80083d10	0x80083f34	lib	boundaries lib-object psyq470 LIBPAD.LIB/PDRESRES.OBJ
slus_012_79	0x80083f34	0x800841b0	lib	boundaries lib-object psyq470 LIBPAD.LIB/PDRESRES.OBJ
slus_012_79	0x800841b0	0x80084240	lib	boundaries lib-object psyq470 LIBPAD.LIB/PDRESRES.OBJ
slus_012_79	0x80084240	0x80084268	lib	boundaries lib-object psyq470 LIBPAD.LIB/PDRESRES.OBJ
slus_012_79	0x80084268	0x80084278	lib	boundaries lib-object psyq470 LIBPAD.LIB/PDRESRES.OBJ
slus_012_79	0x80084278	0x800842fc	lib	boundaries lib-object psyq470 LIBPAD.LIB/PDRESRES.OBJ
slus_012_79	0x800842fc	0x8008456c	lib	boundaries lib-object psyq470 LIBPAD.LIB/PDRESRES.OBJ
slus_012_79	0x8008456c	0x800845a4	lib	boundaries lib-object psyq470 LIBPAD.LIB/PDRESRES.OBJ
slus_012_79	0x800845a4	0x80084678	lib	boundaries lib-object psyq470 LIBPAD.LIB/PDRESRES.OBJ
slus_012_79	0x80084678	0x80084720	lib	boundaries lib-object psyq470 LIBPAD.LIB/PDRESRES.OBJ
slus_012_79	0x80084720	0x80084b18	lib	boundaries lib-object psyq470 LIBPAD.LIB/PDRESRES.OBJ
slus_012_79	0x80084b18	0x80084b38	lib	boundaries lib-object psyq470 LIBPAD.LIB/PDRESRES.OBJ
slus_012_79	0x80084b38	0x80084b4c	lib	boundaries lib-object psyq470 LIBPAD.LIB/PDRESRES.OBJ
slus_012_79	0x80084b4c	0x80084b6c	lib	boundaries lib-object psyq470 LIBPAD.LIB/PDRESRES.OBJ
slus_012_79	0x80084b6c	0x80084b8c	lib	boundaries lib-object psyq470 LIBPAD.LIB/PDRESRES.OBJ
slus_012_79	0x80084b8c	0x80084bac	lib	boundaries lib-object psyq470 LIBPAD.LIB/PDRESRES.OBJ
slus_012_79	0x80084bac	0x80084bc0	lib	boundaries lib-object psyq470 LIBPAD.LIB/PDRESRES.OBJ
slus_012_79	0x80084bc0	0x80084be0	lib	boundaries lib-object psyq470 LIBPAD.LIB/PDRESRES.OBJ
slus_012_79	0x80084be0	0x80084c80	lib	boundaries lib-object psyq470 LIBPAD.LIB/PDRESRES.OBJ
slus_012_79	0x80084c80	0x80084cc8	lib	boundaries lib-object psyq470 LIBPAD.LIB/PDRESRES.OBJ
slus_012_79	0x80084cc8	0x80084da0	lib	boundaries lib-object psyq470 LIBPAD.LIB/PDRESRES.OBJ
slus_012_79	0x80084da0	0x80084e4c	lib	boundaries lib-object psyq470 LIBPAD.LIB/PDRESRES.OBJ
slus_012_79	0x80084e4c	0x80084f68	lib	boundaries lib-object psyq470 LIBPAD.LIB/PDRESRES.OBJ
slus_012_79	0x80084f68	0x80085564	lib	boundaries lib-object psyq470 LIBPAD.LIB/PDRESRES.OBJ
slus_012_79	0x80085564	0x80085598	lib	boundaries lib-object psyq470 LIBPRESS.LIB/LIBPRESS.OBJ
slus_012_79	0x80085598	0x80085624	lib	boundaries lib-object psyq470 LIBPRESS.LIB/LIBPRESS.OBJ
slus_012_79	0x80085624	0x800856bc	lib	boundaries lib-object psyq470 LIBPRESS.LIB/LIBPRESS.OBJ
slus_012_79	0x800856bc	0x80085738	lib	boundaries lib-object psyq470 LIBPRESS.LIB/LIBPRESS.OBJ
slus_012_79	0x80085738	0x80085758	lib	boundaries lib-object psyq470 LIBPRESS.LIB/LIBPRESS.OBJ
slus_012_79	0x80085758	0x80085794	lib	boundaries lib-object psyq470 LIBPRESS.LIB/LIBPRESS.OBJ
slus_012_79	0x80085794	0x800857dc	lib	boundaries lib-object psyq470 LIBPRESS.LIB/LIBPRESS.OBJ
slus_012_79	0x800857dc	0x80085800	lib	boundaries lib-object psyq470 LIBPRESS.LIB/LIBPRESS.OBJ
slus_012_79	0x80085800	0x80085824	lib	boundaries lib-object psyq470 LIBPRESS.LIB/LIBPRESS.OBJ
slus_012_79	0x80085824	0x80085914	lib	boundaries lib-object psyq470 LIBPRESS.LIB/LIBPRESS.OBJ
slus_012_79	0x80085914	0x800859a4	lib	boundaries lib-object psyq470 LIBPRESS.LIB/LIBPRESS.OBJ
slus_012_79	0x800859a4	0x80085a30	lib	boundaries lib-object psyq470 LIBPRESS.LIB/LIBPRESS.OBJ
slus_012_79	0x80085a30	0x80085ac4	lib	boundaries lib-object psyq470 LIBPRESS.LIB/LIBPRESS.OBJ
slus_012_79	0x80085ac4	0x80085b58	lib	boundaries lib-object psyq470 LIBPRESS.LIB/LIBPRESS.OBJ
slus_012_79	0x80085b58	0x80085b70	lib	boundaries lib-object psyq470 LIBPRESS.LIB/LIBPRESS.OBJ
slus_012_79	0x80085b70	0x80085bf4	lib	boundaries lib-object psyq470 LIBPRESS.LIB/LIBPRESS.OBJ
slus_012_79	0x80085bf4	0x80085c24	lib	boundaries lib-object psyq470 LIBPRESS.LIB/VLC.OBJ
slus_012_79	0x80085c24	0x80085f74	lib	boundaries lib-object psyq470 LIBPRESS.LIB/VLC.OBJ
