# config/loadmap.tsv -- generated by tools/loadmap.py from extracted/retail/manifest.jsonl + config/loadmap.evidence.tsv; do not hand-edit.
# N = 83 (rows with class exe|code); rows = 106; see docs/memory-map.md#load-map
# path	size	sha1	class	route	base	end	status
BIN/AT_EDIT.BIN	4	e039c977bb67f4a4983e4255b2907d3050b00500	stub	-	-	-	n/a
BIN/DBMODULE.BIN	8	7678540574197b420f17571673856a74783eb9d5	stub	-	-	-	n/a
BIN/DM_BLK.BIN	4	c3ef9ecb135a708c7ba6c9f6fdc590c42b325fa8	stub	-	-	-	n/a
BIN/DM_EMHIT.BIN	4	44127d404caab816c2ddb4644a9b9fa6bccc429d	stub	-	-	-	n/a
BIN/DM_EMPOS.BIN	4	bac89bb2d9e7aa49608ba1583acb5514827c842c	stub	-	-	-	n/a
BIN/DM_SCA.BIN	4	116abb67030f86c0648294ca4db6be78807c4bbd	stub	-	-	-	n/a
BIN/DM_SUB.BIN	4	e941251e3c5acfce0ee15c63bd38a85290f5c12d	stub	-	-	-	n/a
BIN/E00.BIN	22528	716529c31701acea6f168a197b6c485ae3ed8896	code	R3	0x800d0000	0x800d5800	ranked
BIN/E10.BIN	17212	bad5e63cf397e9fd6475fc533075f267daecf2bc	code	R3	0x800d0000	0x800d433c	ranked
BIN/E20.BIN	13520	598464f3e6016807e95cc687eb40833ed40daff4	code	R3	0x800d0000	0x800d34d0	ranked
BIN/E30.BIN	8136	c17e23d0ea1169754cbd52923c30231a04397f3c	code	R3	0x800d0000	0x800d1fc8	ranked
BIN/E31.BIN	13808	0179db5de9ef44fb4632394aba10f80985682ec5	code	R3	0x800d0000	0x800d35f0	ranked
BIN/E32.BIN	19436	99d62bea294de621de4258104ae3365fbd9262cf	code	R3	0x800d0000	0x800d4bec	ranked
BIN/E40.BIN	19504	502d1edf33c0300b307462abc979e3714431763f	code	R3	0x800d0000	0x800d4c30	ranked
BIN/E50.BIN	13548	7f795b7e5a1f1bf2dccccd277a61996842f6d8cb	code	R3	0x800d0000	0x800d34ec	ranked
BIN/E60.BIN	19460	751778e0b66bd0da9a9c4aecd695c0b3a2fb9b70	code	R3	0x800d0000	0x800d4c04	ranked
BIN/E70.BIN	13296	04467ad9f572168f2288c796bff81798e97290fc	code	R3	0x800d0000	0x800d33f0	ranked
BIN/E80.BIN	13336	8fbcc166bad19391ee75cc0374cff05edff71413	code	R3	0x800d0000	0x800d3418	ranked
BIN/E90.BIN	18712	1b5770b060986ba859f8a09e3fec04e44a7429b2	code	R3	0x800d0000	0x800d4918	ranked
BIN/EA0.BIN	1292	83f5c3c50be3eb7720bd2dd8739f6bb5386ec3c7	code	R3	0x800d0000	0x800d050c	ranked
BIN/ENDING.BIN	11500	a324259f53249a8768052545b04ffed98f9bdc41	code	R3	0x800d5800	0x800d84ec	ranked
BIN/KOF_P00P.BIN	9596	63b330e9c517f6bf256da65c5a4d6574f267a166	code	R3	0x80128000	0x8012a57c	ranked
BIN/KOF_P01P.BIN	9596	2129724d3f9a2df8867ae8e521aa5dfbd962e276	code	R3	0x800d0000	0x800d257c	ranked
BIN/KOF_P10P.BIN	10646	8aaf9d5992454cc38e748513486fcf48740deade	code	R3	0x80128000	0x8012a996	ranked
BIN/KOF_P11P.BIN	10646	a645b68a0960731b8b4c6818d74d5b7cabe5bd54	code	R3	0x800d0000	0x800d2996	ranked
BIN/KOF_P50P.BIN	7178	f1349fb767bff811e134906b0623a5209645cb0f	code	R3	0x80128000	0x80129c0a	ranked
BIN/KOF_P51P.BIN	7178	aaf9fa4fa984862edca2f0834fd7e8e0bf5e8e76	code	R3	0x800d0000	0x800d1c0a	ranked
BIN/KOF_P60P.BIN	12330	26b07974d7f166bdb6f7e4dac7e93820563bdaee	code	R3	0x80128000	0x8012b02a	ranked
BIN/KOF_P61P.BIN	12330	5ee775c09569fa8b7ce77a82c56426515547818d	code	R3	0x800d0000	0x800d302a	ranked
BIN/KOF_P70P.BIN	7114	a996b685ac40bb6417d00e5d5950035f1b7fd1ee	code	R3	0x80128000	0x80129bca	ranked
BIN/KOF_P71P.BIN	7114	774d1e4fde19951367292d9e3366d2cde449eccf	code	R3	0x800d0000	0x800d1bca	ranked
BIN/KOF_P90P.BIN	8940	ded15225d0b6233d8c7cac5ee896533d119869f0	code	R3	0x80128000	0x8012a2ec	ranked
BIN/KOF_P91P.BIN	8940	1934ce456a640628e1fbfd8e25a7ead666770e5c	code	R3	0x800d0000	0x800d22ec	ranked
BIN/KOF_PA0P.BIN	6990	6e9833fad9b18bf7c804f6e14ef1130b7e241d72	code	R3	0x80128000	0x80129b4e	ranked
BIN/KOF_PA1P.BIN	6990	70f7db4d7f112c3cb896ac57b9371e899f060ce5	code	R3	0x800d0000	0x800d1b4e	ranked
BIN/LOAD.BIN	31540	f4954159202d0b02ad855043dbda77776f33a66f	code	R2	0x801c1500	0x801c9034	ranked
BIN/MOT.BIN	4	3aa850148c2ee2335f0993b5d13a6686b0128496	stub	-	-	-	n/a
BIN/M_RESULT.BIN	14816	6579500f3b7e1604a7065ea51556bcf23f02fdfc	code	R3	0x800d5800	0x800d91e0	ranked
BIN/M_TITLE.BIN	9128	e3361b42f423a03e733eeb322a8781af5718ce3b	code	R3	0x800d5800	0x800d7ba8	ranked
BIN/OPENING.BIN	1592	fe25febe7c2b526c74f7e017a2f55849d0cae596	code	R3	0x800d5800	0x800d5e38	ranked
BIN/OPTION.BIN	13624	7c6146a70e2d74b9260c2e0dab472c73c8e37bad	code	R2	0x801c1500	0x801c4a38	proven
BIN/RES00.BIN	13272	d54d27284c435b42b661f726d7430da3bab89940	code	R3	0x80150000	0x801533d8	ranked
BIN/RES01.BIN	10932	c21c85cae52a2616ecd1e1adf4a763a7bb422d05	code	R3	0x80150000	0x80152ab4	ranked
BIN/RES02.BIN	18036	59e351a835717a860eb870ab96fb91a137a53e98	code	R3	0x80150000	0x80154674	ranked
BIN/SAVE.BIN	72556	ccd20fbd49d546d4a43a07c060dae8eb9a0f488b	code	R2	0x801c1500	0x801d306c	ranked
BIN/SCR_LIT.BIN	4	4d2f09bcedd2a2b7db1bae290271aeb82336bd4a	stub	-	-	-	n/a
BIN/SUBSCR3.BIN	64384	1438bf392084cfd86ecc64fbf0f340b36a707bd9	code	R2	0x801c1500	0x801d1080	ranked
BIN/SUBSCR6.BIN	20912	2bbf585f895fa94cdf67966cd3bcb350527e57c2	code	R2	0x801c1500	0x801c66b0	ranked
BIN/SYS_DEB.BIN	83652	aee61a1146acb6ea68d58551710d710c5d81e4f4	debug	-	-	-	n/a
BIN/TESTCONP.BIN	4	71d5e4f46a3225b8539d9f3c4ce4a184d276794a	stub	-	-	-	n/a
# rows 51..
BIN/TESTDOOR.BIN	4	c6fb044ec2bd401521d6b1082276415638196d80	stub	-	-	-	n/a
BIN/TESTESP2.BIN	4	f81b5f714040104bcb21736a08ba789fe37c3c3a	stub	-	-	-	n/a
BIN/TESTSND2.BIN	4	1f468499c9e1c626b531de83114641b0a13e118a	stub	-	-	-	n/a
BIN/TEST_CAM.BIN	4	0e75e11232e9cbbe2ecb2da5bd18d5eb690b283f	stub	-	-	-	n/a
BIN/TEST_EM.BIN	4	e1d111ae435ee00bf07df91ce5af8fe83f7e3370	stub	-	-	-	n/a
BIN/TEST_ESP.BIN	4	834ee8c6675a932d671f8239c0481a43381ac743	stub	-	-	-	n/a
BIN/TEST_OBJ.BIN	4	10f1e5dd3236decab2944bd83ca527b33e1237d6	stub	-	-	-	n/a
BIN/TEST_PRI.BIN	4	da31257e9c8f194afa7cea4871abf37ad3be0aa6	stub	-	-	-	n/a
BIN/TITLE2.BIN	3976	450c4c3d4188eb5055d5a6340d782372901f5e16	code	R3	0x800d5800	0x800d6788	ranked
BIN/WEP00.BIN	6288	c58d7e79c5f4fe79952df5d0d35a462b59d66626	code	R3	0x8017e500	0x8017fd90	ranked
BIN/WEP01.BIN	8800	444814ec8dc627dcfbd84b33aea4cdc43410947c	code	R3	0x8017e500	0x80180760	proven
BIN/WEP02.BIN	8924	766a146993486b73eb7fdf10e01269ddf1a7d6cc	code	R3	0x8017e500	0x801807dc	ranked
BIN/WEP03.BIN	8296	f3824472d786b2206734ef7fc6f2a79d65efd89d	code	R3	0x8017e500	0x80180568	ranked
BIN/WEP04.BIN	9196	396332f32623d111687fc12fba67206af718de9a	code	R3	0x8017e500	0x801808ec	ranked
BIN/WEP05.BIN	9040	438c33af25224c7edf493db7d399c719d34090ce	code	R3	0x8017e500	0x80180850	ranked
BIN/WEP06.BIN	9669	a52a12591858e95e64cdcb25a9add3ea160fd05c	code	R3	0x8017e500	0x80180ac5	ranked
BIN/WEP07.BIN	9700	6ff69a993fe95b975c27f6788a88414c87abbe71	code	R3	0x8017e500	0x80180ae4	ranked
BIN/WEP08.BIN	8736	18443f2c679e846b4e999b0a660125e0e3bbe316	code	R3	0x8017e500	0x80180720	ranked
BIN/WEP09.BIN	9076	d56096fbc9a417c47d479eb3fb1260e8cc7cee90	code	R3	0x8017e500	0x80180874	ranked
BIN/WEP0A.BIN	7484	3e7159dba9502b592baaea029527bbe82641e500	code	R3	0x8017e500	0x8018023c	ranked
BIN/WEP0B.BIN	7500	c6fbfb4343c98a177b8057356ed534e26dcfcfb2	code	R3	0x8017e500	0x8018024c	ranked
BIN/WEP0C.BIN	6033	16791823b4566c17afe02ea5606d8ba55fa0c7c6	code	R3	0x8017e500	0x8017fc91	ranked
BIN/WEP0D.BIN	9884	db2e7a93b567a9a2410e4c0f9a9b45a672e8bc9e	code	R3	0x80120000	0x8012269c	ranked
BIN/WEP0E.BIN	9224	df73db64b074076e58708040b31b62343d75d74a	code	R3	0x80120000	0x80122408	ranked
BIN/WEP0F.BIN	12882	4559927c677cbaad40f56f2a1619f2fbdf70212f	code	R3	0x80120000	0x80123252	ranked
BIN/WEP10.BIN	11198	fa177b004019e7fe3e6b1ed10e625983355ef12b	code	R3	0x80120000	0x80122bbe	ranked
BIN/WEP11.BIN	7666	83ff68042a82074f644eb200c573b447c056e294	code	R3	0x80120000	0x80121df2	ranked
BIN/WEP12.BIN	7570	3f99b12878bd9ef82b75daefe587f6163597c8ba	code	R3	0x80120000	0x80121d92	ranked
BIN/WEP13.BIN	7730	c3b5d19a96e348d4da4daf681b86a427cc1d3824	code	R3	0x80120000	0x80121e32	ranked
BIN/WEP_S00.BIN	28	f052fd546c4b281307f8208bad590411c6313e4e	code	R3	-	-	n/a
BIN/WEP_S01.BIN	1432	08af071f361906198955c995a806f98a56e035e4	code	R3	0x80180d00	0x80181298	ranked
BIN/WEP_S02.BIN	1908	8e4aac5f5ae4c9a63cdf878b08e8adde01ace5c2	code	R3	0x80180d00	0x80181474	ranked
BIN/WEP_S03.BIN	1932	796153bb15cd0f4cb52b5aed8e040647bf46b5b3	code	R3	0x80180d00	0x8018148c	ranked
BIN/WEP_S04.BIN	1908	24240aab1ad4baf8af7ef16eb1b931ef16cb5ac4	code	R3	0x80180d00	0x80181474	ranked
BIN/WEP_S05.BIN	972	e2a487cbafe9c60c747d84c4b69a53a683f713e5	code	R3	0x80180d00	0x801810cc	ranked
BIN/WEP_S06.BIN	1828	172db5fd95097206b86a7c2a864da42c3a2bbb67	code	R3	0x80180d00	0x80181424	ranked
BIN/WEP_S07.BIN	1444	376d8cf8d22f5f13aa93016da827f0ef73626d3e	code	R3	0x8017c500	0x8017caa4	ranked
BIN/WEP_S08.BIN	1932	ea30b6fc07aa786024f3f7aa73ca1fd79007d206	code	R3	0x80180d00	0x8018148c	ranked
BIN/WEP_S09.BIN	1512	00d2d14ae166d3fc1eb47f0faff247588cb1f6fd	code	R3	0x80180d00	0x801812e8	ranked
PSX/BIN/AREA_JMP.BIN	4	218482d2c5fc6b16835adee693491ae68eea73e5	stub	-	-	-	n/a
PSX/BIN/DM_MES.BIN	4	ebcd8ac8614255d7bc0cddedf17f5c9219042914	stub	-	-	-	n/a
PSX/BIN/LOGO.BIN	9300	3ab8a06a15740c9da4bc4a89b53a43f5c8ecde1c	code	R1	0x800d5800	0x800d7c54	ranked
PSX/BIN/ST0.BIN	3228	4a0e371536bc04df4003aa6ada4fa7f96ded23a0	code	R1	0x800d5800	0x800d649c	ranked
PSX/BIN/ST1.BIN	16072	66ad1d9558216ae1a96a2b6e60acfef1a9fd0c64	code	R1	0x800d5800	0x800d96c8	proven
PSX/BIN/ST2.BIN	10384	7e37158f03d7e40b234c24e5f3d80120919a8a1f	code	R1	0x800d5800	0x800d8090	ranked
PSX/BIN/ST3.BIN	11008	1db10eec50b102e20aae62bae83e43773dd979dd	code	R1	0x800d5800	0x800d8300	ranked
PSX/BIN/ST4.BIN	17636	3c099ccfafe1e6bb77cb0a74a5efce51f34c54ca	code	R1	0x800d5800	0x800d9ce4	ranked
PSX/BIN/ST5.BIN	3764	6dc47d4739a9eed7848eff066c0c2a3cb5747e76	code	R1	0x800d5800	0x800d66b4	ranked
PSX/BIN/ST6.BIN	5160	387b8882eb0afaf243913ef311b088fad10e77ed	code	R1	0x800d5800	0x800d6c28	ranked
PSX/BIN/ST7.BIN	10988	cb3bdad192e72f0432e448b043e31bd51e7522ac	code	R1	0x800d5800	0x800d82ec	ranked
# rows 101..
PSX/BIN/ST8.BIN	22144	7b6f79fea0be5f20ab360ee03241a7355c402ac1	code	R1	0x800d5800	0x800dae80	ranked
PSX/BIN/ST9.BIN	41280	dd461da8344bfdbea5c70939d7ea0e98fa162195	code	R1	0x800d5800	0x800df940	ranked
PSX/BIN/TEST_SND.BIN	4	d05a5fe40b0a06df86b3fe502d7a8190ec8ee9ac	stub	-	-	-	n/a
PSX/BIN/VRAMVIEW.BIN	4	451cd837ee4d007d297b9ee67fcc2c6dd18a8536	stub	-	-	-	n/a
PSX/DATA/MAP.BIN	26456	c567ea83b6ba733ef7476d3a4b3b0cc36e115f91	code	R1	0x801c1500	0x801c7c58	ranked
SLUS_012.79	591872	c33bcaf3c58bd123f63cb03d907d8ca909f0fff8	exe	R0	0x80018000	0x800a8000	proven
