# config/loadmap.evidence.tsv -- T4 load-base evidence, one row per manifest .BIN + SLUS_012.79 (106 rows).
# from tools/loadmap_evidence.py --json + routes in docs/memory-map.md#loader-routes; hand-edited shape.
# path	class	route	base	status	basis
BIN/AT_EDIT.BIN	stub	-	-	n/a	docs/memory-map.md#fam-stubs
BIN/DBMODULE.BIN	stub	-	-	n/a	docs/memory-map.md#fam-stubs
BIN/DM_BLK.BIN	stub	-	-	n/a	docs/memory-map.md#fam-stubs
BIN/DM_EMHIT.BIN	stub	-	-	n/a	docs/memory-map.md#fam-stubs
BIN/DM_EMPOS.BIN	stub	-	-	n/a	docs/memory-map.md#fam-stubs
BIN/DM_SCA.BIN	stub	-	-	n/a	docs/memory-map.md#fam-stubs
BIN/DM_SUB.BIN	stub	-	-	n/a	docs/memory-map.md#fam-stubs
BIN/E00.BIN	code	R3	0x800d0000	ranked	docs/memory-map.md#fam-e
BIN/E10.BIN	code	R3	0x800d0000	ranked	docs/memory-map.md#fam-e
BIN/E20.BIN	code	R3	0x800d0000	ranked	docs/memory-map.md#fam-e
BIN/E30.BIN	code	R3	0x800d0000	ranked	docs/memory-map.md#fam-e
BIN/E31.BIN	code	R3	0x800d0000	ranked	docs/memory-map.md#fam-e
BIN/E32.BIN	code	R3	0x800d0000	ranked	docs/memory-map.md#fam-e
BIN/E40.BIN	code	R3	0x800d0000	ranked	docs/memory-map.md#fam-e
BIN/E50.BIN	code	R3	0x800d0000	ranked	docs/memory-map.md#fam-e
BIN/E60.BIN	code	R3	0x800d0000	ranked	docs/memory-map.md#fam-e
BIN/E70.BIN	code	R3	0x800d0000	ranked	docs/memory-map.md#fam-e
BIN/E80.BIN	code	R3	0x800d0000	ranked	docs/memory-map.md#fam-e
BIN/E90.BIN	code	R3	0x800d0000	ranked	docs/memory-map.md#fam-e
BIN/EA0.BIN	code	R3	0x800d0000	ranked	docs/memory-map.md#fam-e
BIN/ENDING.BIN	code	R3	0x800d5800	ranked	docs/memory-map.md#fam-title
BIN/KOF_P00P.BIN	code	R3	0x80128000	ranked	docs/memory-map.md#fam-kof
BIN/KOF_P01P.BIN	code	R3	0x800d0000	ranked	docs/memory-map.md#fam-kof
BIN/KOF_P10P.BIN	code	R3	0x80128000	ranked	docs/memory-map.md#fam-kof
BIN/KOF_P11P.BIN	code	R3	0x800d0000	ranked	docs/memory-map.md#fam-kof
BIN/KOF_P50P.BIN	code	R3	0x80128000	ranked	docs/memory-map.md#fam-kof
BIN/KOF_P51P.BIN	code	R3	0x800d0000	ranked	docs/memory-map.md#fam-kof
BIN/KOF_P60P.BIN	code	R3	0x80128000	ranked	docs/memory-map.md#fam-kof
BIN/KOF_P61P.BIN	code	R3	0x800d0000	ranked	docs/memory-map.md#fam-kof
BIN/KOF_P70P.BIN	code	R3	0x80128000	ranked	docs/memory-map.md#fam-kof
BIN/KOF_P71P.BIN	code	R3	0x800d0000	ranked	docs/memory-map.md#fam-kof
BIN/KOF_P90P.BIN	code	R3	0x80128000	ranked	docs/memory-map.md#fam-kof
BIN/KOF_P91P.BIN	code	R3	0x800d0000	ranked	docs/memory-map.md#fam-kof
BIN/KOF_PA0P.BIN	code	R3	0x80128000	ranked	docs/memory-map.md#fam-kof
BIN/KOF_PA1P.BIN	code	R3	0x800d0000	ranked	docs/memory-map.md#fam-kof
BIN/LOAD.BIN	code	R2	0x801c1500	ranked	docs/memory-map.md#fam-r2-modules
BIN/MOT.BIN	stub	-	-	n/a	docs/memory-map.md#fam-stubs
BIN/M_RESULT.BIN	code	R3	0x800d5800	ranked	docs/memory-map.md#fam-title
BIN/M_TITLE.BIN	code	R3	0x800d5800	ranked	docs/memory-map.md#fam-title
BIN/OPENING.BIN	code	R3	0x800d5800	ranked	docs/memory-map.md#fam-title
# rows 41..
BIN/OPTION.BIN	code	R2	0x801c1500	proven	docs/memory-map.md#ovl-option
BIN/RES00.BIN	code	R3	0x80150000	ranked	docs/memory-map.md#fam-res
BIN/RES01.BIN	code	R3	0x80150000	ranked	docs/memory-map.md#fam-res
BIN/RES02.BIN	code	R3	0x80150000	ranked	docs/memory-map.md#fam-res
BIN/SAVE.BIN	code	R2	0x801c1500	ranked	docs/memory-map.md#fam-r2-modules
BIN/SCR_LIT.BIN	stub	-	-	n/a	docs/memory-map.md#fam-stubs
BIN/SUBSCR3.BIN	code	R2	0x801c1500	ranked	docs/memory-map.md#fam-r2-modules
BIN/SUBSCR6.BIN	code	R2	0x801c1500	ranked	docs/memory-map.md#fam-r2-modules
BIN/SYS_DEB.BIN	debug	-	-	n/a	docs/memory-map.md#fam-sys-deb
BIN/TESTCONP.BIN	stub	-	-	n/a	docs/memory-map.md#fam-stubs
BIN/TESTDOOR.BIN	stub	-	-	n/a	docs/memory-map.md#fam-stubs
BIN/TESTESP2.BIN	stub	-	-	n/a	docs/memory-map.md#fam-stubs
BIN/TESTSND2.BIN	stub	-	-	n/a	docs/memory-map.md#fam-stubs
BIN/TEST_CAM.BIN	stub	-	-	n/a	docs/memory-map.md#fam-stubs
BIN/TEST_EM.BIN	stub	-	-	n/a	docs/memory-map.md#fam-stubs
BIN/TEST_ESP.BIN	stub	-	-	n/a	docs/memory-map.md#fam-stubs
BIN/TEST_OBJ.BIN	stub	-	-	n/a	docs/memory-map.md#fam-stubs
BIN/TEST_PRI.BIN	stub	-	-	n/a	docs/memory-map.md#fam-stubs
BIN/TITLE2.BIN	code	R3	0x800d5800	ranked	docs/memory-map.md#fam-title
BIN/WEP00.BIN	code	R3	0x8017e500	ranked	docs/memory-map.md#fam-wep
BIN/WEP01.BIN	code	R3	0x8017e500	proven	docs/memory-map.md#ovl-wep01
BIN/WEP02.BIN	code	R3	0x8017e500	ranked	docs/memory-map.md#fam-wep
BIN/WEP03.BIN	code	R3	0x8017e500	ranked	docs/memory-map.md#fam-wep
BIN/WEP04.BIN	code	R3	0x8017e500	ranked	docs/memory-map.md#fam-wep
BIN/WEP05.BIN	code	R3	0x8017e500	ranked	docs/memory-map.md#fam-wep
BIN/WEP06.BIN	code	R3	0x8017e500	ranked	docs/memory-map.md#fam-wep
BIN/WEP07.BIN	code	R3	0x8017e500	ranked	docs/memory-map.md#fam-wep
BIN/WEP08.BIN	code	R3	0x8017e500	ranked	docs/memory-map.md#fam-wep
BIN/WEP09.BIN	code	R3	0x8017e500	ranked	docs/memory-map.md#fam-wep
BIN/WEP0A.BIN	code	R3	0x8017e500	ranked	docs/memory-map.md#fam-wep
BIN/WEP0B.BIN	code	R3	0x8017e500	ranked	docs/memory-map.md#fam-wep
BIN/WEP0C.BIN	code	R3	0x8017e500	ranked	docs/memory-map.md#fam-wep
BIN/WEP0D.BIN	code	R3	0x80120000	ranked	docs/memory-map.md#fam-wep
BIN/WEP0E.BIN	code	R3	0x80120000	ranked	docs/memory-map.md#fam-wep
BIN/WEP0F.BIN	code	R3	0x80120000	ranked	docs/memory-map.md#fam-wep
BIN/WEP10.BIN	code	R3	0x80120000	ranked	docs/memory-map.md#fam-wep
BIN/WEP11.BIN	code	R3	0x80120000	ranked	docs/memory-map.md#fam-wep
BIN/WEP12.BIN	code	R3	0x80120000	ranked	docs/memory-map.md#fam-wep
BIN/WEP13.BIN	code	R3	0x80120000	ranked	docs/memory-map.md#fam-wep
BIN/WEP_S00.BIN	code	R3	-	n/a	docs/memory-map.md#fam-wep-s
# rows 81..
BIN/WEP_S01.BIN	code	R3	0x80180d00	ranked	tasks/T5.md
BIN/WEP_S02.BIN	code	R3	0x80180d00	ranked	docs/memory-map.md#fam-wep-s
BIN/WEP_S03.BIN	code	R3	0x80180d00	ranked	docs/memory-map.md#fam-wep-s
BIN/WEP_S04.BIN	code	R3	0x80180d00	ranked	docs/memory-map.md#fam-wep-s
BIN/WEP_S05.BIN	code	R3	0x80180d00	ranked	docs/memory-map.md#fam-wep-s
BIN/WEP_S06.BIN	code	R3	0x80180d00	ranked	docs/memory-map.md#fam-wep-s
BIN/WEP_S07.BIN	code	R3	0x8017c500	ranked	docs/memory-map.md#fam-wep-s
BIN/WEP_S08.BIN	code	R3	0x80180d00	ranked	docs/memory-map.md#fam-wep-s
BIN/WEP_S09.BIN	code	R3	0x80180d00	ranked	docs/memory-map.md#fam-wep-s
PSX/BIN/AREA_JMP.BIN	stub	-	-	n/a	docs/memory-map.md#fam-stubs
PSX/BIN/DM_MES.BIN	stub	-	-	n/a	docs/memory-map.md#fam-stubs
PSX/BIN/LOGO.BIN	code	R1	0x800d5800	ranked	docs/memory-map.md#fam-logo-st
PSX/BIN/ST0.BIN	code	R1	0x800d5800	ranked	docs/memory-map.md#fam-logo-st
PSX/BIN/ST1.BIN	code	R1	0x800d5800	proven	docs/memory-map.md#ovl-st1
PSX/BIN/ST2.BIN	code	R1	0x800d5800	ranked	docs/memory-map.md#fam-logo-st
PSX/BIN/ST3.BIN	code	R1	0x800d5800	ranked	docs/memory-map.md#fam-logo-st
PSX/BIN/ST4.BIN	code	R1	0x800d5800	ranked	docs/memory-map.md#fam-logo-st
PSX/BIN/ST5.BIN	code	R1	0x800d5800	ranked	docs/memory-map.md#fam-logo-st
PSX/BIN/ST6.BIN	code	R1	0x800d5800	ranked	docs/memory-map.md#fam-logo-st
PSX/BIN/ST7.BIN	code	R1	0x800d5800	ranked	docs/memory-map.md#fam-logo-st
PSX/BIN/ST8.BIN	code	R1	0x800d5800	ranked	docs/memory-map.md#fam-logo-st
PSX/BIN/ST9.BIN	code	R1	0x800d5800	ranked	docs/memory-map.md#fam-logo-st
PSX/BIN/TEST_SND.BIN	stub	-	-	n/a	docs/memory-map.md#fam-stubs
PSX/BIN/VRAMVIEW.BIN	stub	-	-	n/a	docs/memory-map.md#fam-stubs
PSX/DATA/MAP.BIN	code	R1	0x801c1500	ranked	docs/memory-map.md#fam-map
SLUS_012.79	exe	R0	0x80018000	proven	docs/memory-map.md#slus_01279
