# name	kind	url	sha256	gcc_version	notes
gcc-2.7.2-psx	oldgcc	https://github.com/decompals/old-gcc/releases/download/0.17/gcc-2.7.2-psx.tar.gz	500a459b3485e885a8d302cac23c2a4632f3900e03a09153f6190699fd723571	2.7.2	decompals/old-gcc release 0.17; sha256 fetched 2026-10-01
gcc-2.8.0-psx	oldgcc	https://github.com/decompals/old-gcc/releases/download/0.17/gcc-2.8.0-psx.tar.gz	1a3c956fe8aea5ebdb251749d95de2c84f023530584d7bd663744b5ec24050b7	2.8.0	decompals/old-gcc release 0.17; sha256 fetched 2026-10-01
gcc-2.8.1-psx	oldgcc	https://github.com/decompals/old-gcc/releases/download/0.17/gcc-2.8.1-psx.tar.gz	f6f6e883942d4d3289d048236c672e71ed410e546aaae8ff655952f1567e1be0	2.8.1	decompals/old-gcc release 0.17; sha256 fetched 2026-10-01
gcc-2.91.66-psx	oldgcc	https://github.com/decompals/old-gcc/releases/download/0.17/gcc-2.91.66-psx.tar.gz	f773a0a9659fa4ff74313ac4363d939312e8125675cd09ad9f8c1202f587f1fd	2.91.66	decompals/old-gcc release 0.17; sha256 fetched 2026-10-01
gcc-2.95.2-psx	oldgcc	https://github.com/decompals/old-gcc/releases/download/0.17/gcc-2.95.2-psx.tar.gz	932ed3669710a82b12570c29c46ff42989b6505b2af10db84d4551d55dfc0b1c	2.95.2	decompals/old-gcc release 0.17; sha256 fetched 2026-10-01
psyq3.6	psyq	https://github.com/mkst/esa/releases/download/psyq-binaries/psyq3.6.tar.gz	9445f4cd871ca85b764b8d2746b6122750af17ecfe2d6e8aae41d15461d8c41d	2.7.2	mkst/esa psyq-binaries; CC1PSX.EXE via wibo; sha256 fetched 2026-10-01; MS-DOS COFF exe (not PE), wibo cannot load: DROPPED in smoke; version from its README
psyq4.0	psyq	https://github.com/mkst/esa/releases/download/psyq-binaries/psyq4.0.tar.gz	f25a4f6f044eb1b344bbbd3291aa9a4fc1a1124fc637eae9522c0a117d940e28	2.7.2	mkst/esa psyq-binaries; CC1PSX.EXE via wibo; sha256 fetched 2026-10-01; version from cc1 -version banner
psyq4.1	psyq	https://github.com/mkst/esa/releases/download/psyq-binaries/psyq4.1.tar.gz	2a2650ceb5eaa73fdc581bec4a85ccaa6ff9eeea8a4810be25a638f3cd2ebac4	2.7.2	mkst/esa psyq-binaries; CC1PSX.EXE via wibo; sha256 fetched 2026-10-01; version from cc1 -version banner
psyq4.3	psyq	https://github.com/mkst/esa/releases/download/psyq-binaries/psyq4.3.tar.gz	577038d66507d3aa5423de0ba3f540e121a4f60f637f4794aa4350135d4f9a46	2.8.0	mkst/esa psyq-binaries; CC1PSX.EXE via wibo; sha256 fetched 2026-10-01; version from cc1 -version banner
psyq4.4	psyq	https://github.com/mkst/esa/releases/download/psyq-binaries/psyq4.4.tar.gz	72e73934bab0d51933eb95af514afb14f3d432f01530eac3ddb16dfbb57ab66c	2.8.1	mkst/esa psyq-binaries; CC1PSX.EXE via wibo; sha256 fetched 2026-10-01; version from cc1 -version banner
psyq4.5	psyq	https://github.com/mkst/esa/releases/download/psyq-binaries/psyq4.5.tar.gz	75f28034f6844f0f7633e3f17443727865c8955da1cd19147db2c760b40f14f7	2.91.66	mkst/esa psyq-binaries; CC1PSX.EXE via wibo; sha256 fetched 2026-10-01; version from cc1 -version banner
psyq4.6	psyq	https://github.com/mkst/esa/releases/download/psyq-binaries/psyq4.6.tar.gz	635603e09a452c9c2923492fea8b8eb051959dd94f240933b88e94866814b894	2.95.2	mkst/esa psyq-binaries; CC1PSX.EXE via wibo; sha256 fetched 2026-10-01; version from cc1 -version banner
maspsx	maspsx	https://github.com/mkst/maspsx/archive/7686f845a181700534c83c0419183e38aeb3e49c.tar.gz	604f5422662aaa7cebb0d7a183c4fd3152a27e261e168808eba29b1c6ad5cdd2	-	mkst/maspsx commit 7686f845a181700534c83c0419183e38aeb3e49c (HEAD 2026-10-01); GitHub archive tarball
wibo	wibo	https://github.com/decompals/wibo/releases/download/1.2.0/wibo-i686	2575d3b0a2f408b2c2b0850db56f1af5d005a138394a6774eba77b6708ecc304	-	decompals/wibo 1.2.0 (latest 2026-10-01), i686 static binary (x86_64 build fails under Rosetta: invalid gdt selector); PE loader for CC1PSX.EXE
